kind,t,a,b
meta,0,1.3398561541818312,60
cover,0.2319,0,0,0,0
nearest,0.232,-1
cover,0.2636,0,0,0,0
nearest,0.2637,-1
cover,0.2924,0,0,0,0
nearest,0.2924,-1
cover,0.3186,0,0,0,0
nearest,0.3186,-1
cover,0.3501,0,0,0,0
nearest,0.3501,-1
cover,0.3758,0,0,0,0
nearest,0.3758,-1
cover,0.4045,0,0,0,0
nearest,0.4045,-1
cover,0.4289,0,0,0,0
nearest,0.429,-1
cover,0.4512,0,0,0,0
nearest,0.4513,-1
cover,0.4747,0,0,0,0
nearest,0.4747,-1
cover,0.5012,0,0,0,0
nearest,0.5012,-1
cover,0.5249,0,0,0,0
nearest,0.5249,-1
cover,0.5491,0,0,0,0
nearest,0.5491,-1
cover,0.5739,0,0,0,0
nearest,0.5739,-1
cover,0.6013,0,0,0,0
nearest,0.6013,-1
cover,0.6263,0,0,0,0
nearest,0.6264,-1
cover,0.6529,0,0,0,0
nearest,0.6529,-1
cover,0.6843,0,0,0,0
nearest,0.6843,-1
cover,0.7146,0,0,0,0
nearest,0.7146,-1
cover,0.7473,0,0,0,0
nearest,0.7474,-1
cover,0.7748,0,0,0,0
nearest,0.7748,-1
cover,0.8002,0,0,0,0
nearest,0.8002,-1
cover,0.8259,0,0,0,0
nearest,0.8259,-1
cover,0.8503,0,0,0,0
nearest,0.8503,-1
cover,0.8798,0,0,0,0
nearest,0.8799,-1
cover,0.9091,0,0,0,0
nearest,0.9092,-1
cover,0.9444,0,0,0,0
nearest,0.9445,-1
cover,0.9826,0,0,0,0
nearest,0.9827,-1
cover,1.0104,0,0,0,0
nearest,1.0104,-1
cover,1.0437,0,0,0,0
nearest,1.0438,-1
cover,1.0757,0,0,0,0
nearest,1.0757,-1
cover,1.1046,0,0,0,0
nearest,1.1046,-1
cover,1.1307,0,0,0,0
nearest,1.1307,-1
cover,1.1601,0,0,0,0
nearest,1.1602,-1
cover,1.1876,0,0,0,0
nearest,1.1877,-1
cover,1.2229,0,0,0,0
nearest,1.2229,-1
cover,1.2526,0,0,0,0
nearest,1.2526,-1
cover,1.2864,0,0,0,0
nearest,1.2864,-1
cover,1.321,0,0,0,0
nearest,1.321,-1
cover,1.3522,0,0,0,0
nearest,1.3522,-1
cover,1.3798,0,0,0,0
nearest,1.3798,-1
cover,1.4159,0,0,0,0
nearest,1.4162,-1
cover,1.4425,0,0,0,0
nearest,1.4425,-1
cover,1.4676,0,0,0,0
nearest,1.4677,-1
cover,1.4982,0,0,0,0
nearest,1.4982,-1
cover,1.5273,0,0,0,0
nearest,1.5273,-1
cover,1.5611,0,0,0,0
nearest,1.5611,-1
cover,1.5867,0,0,0,0
nearest,1.5867,-1
cover,1.6198,0,0,0,0
nearest,1.6198,-1
cover,1.6487,0,0,0,0
nearest,1.6487,-1
cover,1.6825,0,0,0,0
nearest,1.6825,-1
cover,1.7132,0,0,0,0
nearest,1.7132,-1
cover,1.7545,0,0,0,0
nearest,1.7546,-1
cover,1.7863,0,0,0,0
nearest,1.7864,-1
cover,1.8178,0,0,0,0
nearest,1.8179,-1
cover,1.8465,0,0,0,0
nearest,1.8465,-1
cover,1.8859,0,0,0,0
nearest,1.886,-1
cover,1.9203,0,0,0,0
nearest,1.9203,-1
cover,1.9518,0,0,0,0
nearest,1.9518,-1
cover,1.9878,0,0,0,0
nearest,1.9879,-1
cover,2.0243,0,0,0,0
nearest,2.0243,-1
cover,2.0587,0,0,0,0
nearest,2.0587,-1
cover,2.0877,0,0,0,0
nearest,2.0877,-1
cover,2.1151,0,0,0,0
nearest,2.1151,-1
cover,2.1433,0,0,0,0
nearest,2.1434,-1
cover,2.1705,0,0,0,0
nearest,2.1705,-1
cover,2.2012,0,0,0,0
nearest,2.2012,-1
cover,2.2569,0,0,0,0
nearest,2.2569,-1
cover,2.297,0,0,0,0
nearest,2.2971,-1
cover,2.3334,0,0,0,0
nearest,2.3335,-1
cover,2.3647,0,0,0,0
nearest,2.3647,-1
cover,2.3951,0,0,0,0
nearest,2.3951,-1
cover,2.4266,0,0,0,0
nearest,2.4266,-1
cover,2.4576,0,0,0,0
nearest,2.4576,-1
cover,2.485,0,0,0,0
nearest,2.485,-1
cover,2.5186,0,0,0,0
nearest,2.5186,-1
cover,2.5544,0,0,0,0
nearest,2.5544,-1
cover,2.5927,0,0,0,0
nearest,2.5927,-1
cover,2.6272,0,0,0,0
nearest,2.6272,-1
cover,2.6615,0,0,0,0
nearest,2.6615,-1
cover,2.6948,0,0,0,0
nearest,2.6949,-1
cover,2.7262,0,0,0,0
nearest,2.7263,-1
cover,2.7598,0,0,0,0
nearest,2.7598,-1
cover,2.7928,0,0,0,0
nearest,2.7928,-1
cover,2.8183,0,0,0,0
nearest,2.8183,-1
cover,2.8499,0,0,0,0
nearest,2.85,-1
cover,2.8814,0,0,0,0
nearest,2.8814,-1
cover,2.9147,0,0,0,0
nearest,2.9147,-1
cover,2.9479,0,0,0,0
nearest,2.9479,-1
cover,2.9777,0,0,0,0
nearest,2.9777,-1
cover,3.0051,0,0,0,0
nearest,3.0051,-1
cover,3.0375,0,0,0,0
nearest,3.0375,-1
cover,3.068,0,0,0,0
nearest,3.068,-1
cover,3.0951,0,0,0,0
nearest,3.0951,-1
cover,3.1265,0,0,0,0
nearest,3.1265,-1
cover,3.1523,0,0,0,0
nearest,3.1523,-1
cover,3.1843,0,0,0,0
nearest,3.1843,-1
cover,3.2147,0,0,0,0
nearest,3.2148,-1
cover,3.2431,0,0,0,0
nearest,3.2431,-1
cover,3.27,0,0,0,0
nearest,3.27,-1
cover,3.2964,0,0,0,0
nearest,3.2964,-1
cover,3.3263,0,0,0,0
nearest,3.3263,-1
cover,3.3542,0,0,0,0
nearest,3.3542,-1
cover,3.3962,0,0,0,0
nearest,3.3962,-1
cover,3.4297,0,0,0,0
nearest,3.4297,-1
cover,3.4632,0,0,0,0
nearest,3.4633,-1
cover,3.4971,0,0,0,0
nearest,3.4971,-1
cover,3.531,0,0,0,0
nearest,3.531,-1
cover,3.564,0,0,0,0
nearest,3.564,-1
cover,3.5966,0,0,0,0
nearest,3.5966,-1
cover,3.6232,0,0,0,0
nearest,3.6232,-1
cover,3.6543,0,0,0,0
nearest,3.6543,-1
cover,3.6854,0,0,0,0
nearest,3.6854,-1
cover,3.7185,0,0,0,0
nearest,3.7186,-1
cover,3.7495,0,0,0,0
nearest,3.7495,-1
cover,3.7794,0,0,0,0
nearest,3.7794,-1
cover,3.807,0,0,0,0
nearest,3.807,-1
cover,3.8411,0,0,0,0
nearest,3.8412,-1
cover,3.8691,0,0,0,0
nearest,3.8691,-1
cover,3.9216,0,0,0,0
nearest,3.9216,-1
cover,3.973,0,0,0,0
nearest,3.973,-1
cover,4.0047,0,0,0,0
nearest,4.0047,-1
cover,4.0384,0,0,0,0
nearest,4.0384,-1
cover,4.0717,0,0,0,0
nearest,4.0718,-1
cover,4.1021,0,0,0,0
nearest,4.1021,-1
cover,4.1331,0,0,0,0
nearest,4.1331,-1
cover,4.1686,0,0,0,0
nearest,4.1686,-1
cover,4.2006,0,0,0,0
nearest,4.2006,-1
cover,4.2329,0,0,0,0
nearest,4.2329,-1
cover,4.2596,0,0,0,0
nearest,4.2596,-1
cover,4.2911,0,0,0,0
nearest,4.2911,-1
cover,4.3181,0,0,0,0
nearest,4.3181,-1
cover,4.3483,0,0,0,0
nearest,4.3483,-1
cover,4.3841,0,0,0,0
nearest,4.3841,-1
cover,4.4208,0,0,0,0
nearest,4.4208,-1
cover,4.4523,0,0,0,0
nearest,4.4523,-1
cover,4.4865,0,0,0,0
nearest,4.4865,-1
cover,4.5158,0,0,0,0
nearest,4.5158,-1
cover,4.5436,0,0,0,0
nearest,4.5436,-1
cover,4.5801,0,0,0,0
nearest,4.5801,-1
cover,4.6188,0,0,0,0
nearest,4.6188,-1
cover,4.6512,0,0,0,0
nearest,4.6512,-1
cover,4.6796,0,0,0,0
nearest,4.6796,-1
cover,4.7111,0,0,0,0
nearest,4.7111,-1
cover,4.7413,0,0,0,0
nearest,4.7413,-1
cover,4.7697,0,0,0,0
nearest,4.7698,-1
cover,4.7964,0,0,0,0
nearest,4.7965,-1
cover,4.8301,0,0,0,0
nearest,4.8302,-1
cover,4.8607,0,0,0,0
nearest,4.8607,-1
cover,4.8898,0,0,0,0
nearest,4.8899,-1
cover,4.9198,0,0,0,0
nearest,4.9198,-1
cover,4.9518,0,0,0,0
nearest,4.9518,-1
cover,4.9835,0,0,0,0
nearest,4.9835,-1
cover,5.016,0,0,0,0
nearest,5.016,-1
cover,5.0488,0,0,0,0
nearest,5.0489,-1
cover,5.0814,0,0,0,0
nearest,5.0815,-1
cover,5.1216,0,0,0,0
nearest,5.1216,-1
cover,5.153,0,0,0,0
nearest,5.1531,-1
cover,5.18,0,0,0,0
nearest,5.18,-1
cover,5.2106,0,0,0,0
nearest,5.2106,-1
cover,5.2374,0,0,0,0
nearest,5.2374,-1
cover,5.2642,0,0,0,0
nearest,5.2642,-1
cover,5.2975,0,0,0,0
nearest,5.2975,-1
cover,5.3294,0,0,0,0
nearest,5.3295,-1
cover,5.357,0,0,0,0
nearest,5.3571,-1
cover,5.3854,0,0,0,0
nearest,5.3854,-1
cover,5.4098,0,0,0,0
nearest,5.4099,-1
cover,5.4406,0,0,0,0
nearest,5.4407,-1
cover,5.4699,0,0,0,0
nearest,5.4699,-1
cover,5.4954,0,0,0,0
nearest,5.4954,-1
cover,5.5203,0,0,0,0
nearest,5.5203,-1
cover,5.545,0,0,0,0
nearest,5.545,-1
cover,5.5746,0,0,0,0
nearest,5.5746,-1
cover,5.6025,0,0,0,0
nearest,5.6025,-1
cover,5.63,0,0,0,0
nearest,5.6301,-1
cover,5.6546,0,0,0,0
nearest,5.6547,-1
cover,5.6849,0,0,0,0
nearest,5.6849,-1
cover,5.7112,0,0,0,0
nearest,5.7112,-1
cover,5.7417,0,0,0,0
nearest,5.7417,-1
cover,5.7702,0,0,0,0
nearest,5.7703,-1
cover,5.7965,0,0,0,0
nearest,5.7966,-1
cover,5.8245,0,0,0,0
nearest,5.8245,-1
cover,5.856,0,0,0,0
nearest,5.856,-1
cover,5.8884,0,0,0,0
nearest,5.8885,-1
cover,5.9208,0,0,0,0
nearest,5.9208,-1
cover,5.947,0,0,0,0
nearest,5.947,-1
cover,5.9774,0,0,0,0
nearest,5.9774,-1
cover,6.0069,0,0,0,0
nearest,6.0069,-1
cover,6.0347,0,0,0,0
nearest,6.0347,-1
cover,6.0741,0,0,0,0
nearest,6.0741,-1
cover,6.108,0,0,0,0
nearest,6.108,-1
cover,6.1358,0,0,0,0
nearest,6.1358,-1
cover,6.166,0,0,0,0
nearest,6.1661,-1
cover,6.1946,0,0,0,0
nearest,6.1946,-1
cover,6.2204,0,0,0,0
nearest,6.2204,-1
cover,6.2479,0,0,0,0
nearest,6.248,-1
cover,6.2782,0,0,0,0
nearest,6.2783,-1
cover,6.3069,0,0,0,0
nearest,6.307,-1
cover,6.3332,0,0,0,0
nearest,6.3332,-1
cover,6.3627,0,0,0,0
nearest,6.3627,-1
cover,6.3892,0,0,0,0
nearest,6.3892,-1
cover,6.4149,0,0,0,0
nearest,6.415,-1
cover,6.4425,0,0,0,0
nearest,6.4425,-1
cover,6.4757,0,0,0,0
nearest,6.4757,-1
cover,6.507,0,0,0,0
nearest,6.507,-1
cover,6.5342,0,0,0,0
nearest,6.5342,-1
cover,6.5662,0,0,0,0
nearest,6.5662,-1
cover,6.5969,0,0,0,0
nearest,6.5969,-1
cover,6.6248,0,0,0,0
nearest,6.6249,-1
cover,6.6553,0,0,0,0
nearest,6.6553,-1
cover,6.6848,0,0,0,0
nearest,6.6848,-1
cover,6.7153,0,0,0,0
nearest,6.7153,-1
cover,6.7447,0,0,0,0
nearest,6.7447,-1
cover,6.777,0,0,0,0
nearest,6.777,-1
cover,6.8092,0,0,0,0
nearest,6.8092,-1
cover,6.8379,0,0,0,0
nearest,6.8379,-1
cover,6.8777,0,0,0,0
nearest,6.8777,-1
cover,6.9085,0,0,0,0
nearest,6.9086,-1
cover,6.9364,0,0,0,0
nearest,6.9364,-1
cover,6.9686,0,0,0,0
nearest,6.9687,-1
cover,6.9962,0,0,0,0
nearest,6.9962,-1
cover,7.0239,0,0,0,0
nearest,7.0239,-1
cover,7.0548,0,0,0,0
nearest,7.0548,-1
cover,7.0812,0,0,0,0
nearest,7.0812,-1
cover,7.1117,0,0,0,0
nearest,7.1117,-1
cover,7.1432,0,0,0,0
nearest,7.1432,-1
cover,7.1699,0,0,0,0
nearest,7.17,-1
cover,7.1987,0,0,0,0
nearest,7.1987,-1
cover,7.2282,0,0,0,0
nearest,7.2282,-1
cover,7.2564,0,0,0,0
nearest,7.2564,-1
cover,7.2825,0,0,0,0
nearest,7.2825,-1
cover,7.313,0,0,0,0
nearest,7.3131,-1
cover,7.3382,0,0,0,0
nearest,7.3382,-1
cover,7.3694,0,0,0,0
nearest,7.3695,-1
cover,7.4036,0,0,0,0
nearest,7.4036,-1
cover,7.4328,0,0,0,0
nearest,7.4328,-1
cover,7.461,0,0,0,0
nearest,7.461,-1
cover,7.4881,0,0,0,0
nearest,7.4881,-1
cover,7.5235,0,0,0,0
nearest,7.5236,-1
cover,7.5564,0,0,0,0
nearest,7.5565,-1
cover,7.585,0,0,0,0
nearest,7.585,-1
cover,7.6154,0,0,0,0
nearest,7.6154,-1
cover,7.6449,0,0,0,0
nearest,7.6449,-1
cover,7.6745,0,0,0,0
nearest,7.6745,-1
cover,7.7083,0,0,0,0
nearest,7.7084,-1
cover,7.7402,0,0,0,0
nearest,7.7402,-1
cover,7.7727,0,0,0,0
nearest,7.7727,-1
cover,7.7995,0,0,0,0
nearest,7.7995,-1
cover,7.8313,0,0,0,0
nearest,7.8313,-1
cover,7.8637,0,0,0,0
nearest,7.8637,-1
cover,7.8931,0,0,0,0
nearest,7.8931,-1
cover,7.9205,0,0,0,0
nearest,7.9205,-1
cover,7.9486,0,0,0,0
nearest,7.9486,-1
cover,7.9798,0,0,0,0
nearest,7.9798,-1
cover,8.0209,0,0,0,0
nearest,8.021,-1
cover,8.0589,0,0,0,0
nearest,8.0589,-1
cover,8.1013,0,0,0,0
nearest,8.1013,-1
cover,8.1328,0,0,0,0
nearest,8.1328,-1
cover,8.1653,0,0,0,0
nearest,8.1653,-1
cover,8.201,0,0,0,0
nearest,8.201,-1
cover,8.2315,0,0,0,0
nearest,8.2316,-1
cover,8.259,0,0,0,0
nearest,8.259,-1
cover,8.2915,0,0,0,0
nearest,8.2915,-1
cover,8.325,0,0,0,0
nearest,8.325,-1
cover,8.3578,0,0,0,0
nearest,8.3578,-1
cover,8.3938,0,0,0,0
nearest,8.3938,-1
cover,8.4358,0,0,0,0
nearest,8.4358,-1
cover,8.4663,0,0,0,0
nearest,8.4663,-1
cover,8.498,0,0,0,0
nearest,8.498,-1
cover,8.524,0,0,0,0
nearest,8.524,-1
cover,8.5506,0,0,0,0
nearest,8.5506,-1
cover,8.5824,0,0,0,0
nearest,8.5824,-1
cover,8.6096,0,0,0,0
nearest,8.6097,-1
cover,8.6438,0,0,0,0
nearest,8.6438,-1
cover,8.6747,0,0,0,0
nearest,8.6748,-1
cover,8.7062,0,0,0,0
nearest,8.7062,-1
cover,8.7398,0,0,0,0
nearest,8.7398,-1
cover,8.7706,0,0,0,0
nearest,8.7707,-1
cover,8.8016,0,0,0,0
nearest,8.8016,-1
cover,8.8283,0,0,0,0
nearest,8.8283,-1
cover,8.8606,0,0,0,0
nearest,8.8606,-1
cover,8.8888,0,0,0,0
nearest,8.8889,-1
cover,8.9201,0,0,0,0
nearest,8.9201,-1
cover,8.9526,0,0,0,0
nearest,8.9526,-1
cover,8.9851,0,0,0,0
nearest,8.9851,-1
cover,9.0182,0,0,0,0
nearest,9.0182,-1
cover,9.0513,0,0,0,0
nearest,9.0514,-1
cover,9.0847,0,0,0,0
nearest,9.0847,-1
cover,9.118,0,0,0,0
nearest,9.118,-1
cover,9.1518,0,0,0,0
nearest,9.1518,-1
cover,9.1774,0,0,0,0
nearest,9.1774,-1
cover,9.2089,0,0,0,0
nearest,9.2089,-1
cover,9.2398,0,0,0,0
nearest,9.2398,-1
cover,9.2689,0,0,0,0
nearest,9.2689,-1
cover,9.2937,0,0,0,0
nearest,9.2937,-1
cover,9.3243,0,0,0,0
nearest,9.3243,-1
cover,9.3555,0,0,0,0
nearest,9.3555,-1
cover,9.3851,0,0,0,0
nearest,9.3851,-1
cover,9.418,0,0,0,0
nearest,9.418,-1
cover,9.4433,0,0,0,0
nearest,9.4433,-1
cover,9.4743,0,0,0,0
nearest,9.4743,-1
cover,9.5055,0,0,0,0
nearest,9.5055,-1
cover,9.5342,0,0,0,0
nearest,9.5342,-1
cover,9.5566,0,0,0,0
nearest,9.5566,-1
cover,9.5824,0,0,0,0
nearest,9.5824,-1
cover,9.6057,0,0,0,0
nearest,9.6058,-1
cover,9.6293,0,0,0,0
nearest,9.6293,-1
cover,9.6582,0,0,0,0
nearest,9.6582,-1
cover,9.6858,0,0,0,0
nearest,9.6858,-1
cover,9.7097,0,0,0,0
nearest,9.7097,-1
cover,9.7401,0,0,0,0
nearest,9.7401,-1
cover,9.7707,0,0,0,0
nearest,9.7707,-1
cover,9.803,0,0,0,0
nearest,9.803,-1
cover,9.8297,0,0,0,0
nearest,9.8297,-1
cover,9.8604,0,0,0,0
nearest,9.8605,-1
cover,9.8864,0,0,0,0
nearest,9.8864,-1
cover,9.9124,0,0,0,0
nearest,9.9125,-1
cover,9.9413,0,0,0,0
nearest,9.9413,-1
cover,9.9711,0,0,0,0
nearest,9.9711,-1
cover,10.0053,0,0,0,0
nearest,10.0053,-1
cover,10.0311,0,0,0,0
nearest,10.0311,-1
cover,10.0645,0,0,0,0
nearest,10.0645,-1
cover,10.108,0,0,0,0
nearest,10.108,-1
cover,10.1383,0,0,0,0
nearest,10.1383,-1
cover,10.1637,0,0,0,0
nearest,10.1637,-1
cover,10.1914,0,0,0,0
nearest,10.1914,-1
cover,10.2205,0,0,0,0
nearest,10.2205,-1
cover,10.2456,0,0,0,0
nearest,10.2456,-1
cover,10.2734,0,0,0,0
nearest,10.2734,-1
cover,10.2971,0,0,0,0
nearest,10.2971,-1
cover,10.3261,0,0,0,0
nearest,10.3262,-1
cover,10.3522,0,0,0,0
nearest,10.3522,-1
cover,10.3757,0,0,0,0
nearest,10.3757,-1
cover,10.4052,0,0,0,0
nearest,10.4053,-1
cover,10.4296,0,0,0,0
nearest,10.4296,-1
cover,10.4563,0,0,0,0
nearest,10.4563,-1
cover,10.4802,0,0,0,0
nearest,10.4802,-1
cover,10.5087,0,0,0,0
nearest,10.5087,-1
cover,10.5378,0,0,0,0
nearest,10.5378,-1
cover,10.5623,0,0,0,0
nearest,10.5623,-1
cover,10.5873,0,0,0,0
nearest,10.5873,-1
cover,10.6107,0,0,0,0
nearest,10.6107,-1
cover,10.6371,0,0,0,0
nearest,10.6371,-1
cover,10.6633,0,0,0,0
nearest,10.6633,-1
cover,10.6884,0,0,0,0
nearest,10.6885,-1
cover,10.7128,0,0,0,0
nearest,10.7128,-1
cover,10.7414,0,0,0,0
nearest,10.7415,-1
cover,10.7748,0,0,0,0
nearest,10.7748,-1
cover,10.8176,0,0,0,0
nearest,10.8176,-1
cover,10.8555,0,0,0,0
nearest,10.8555,-1
cover,10.8914,0,0,0,0
nearest,10.8915,-1
cover,10.9344,0,0,0,0
nearest,10.9345,-1
cover,10.9872,0,0,0,0
nearest,10.9873,-1
cover,11.0242,0,0,0,0
nearest,11.0242,-1
cover,11.0655,0,0,0,0
nearest,11.0656,-1
cover,11.1036,0,0,0,0
nearest,11.1036,-1
cover,11.1488,0,0,0,0
nearest,11.1489,-1
cover,11.1856,0,0,0,0
nearest,11.1856,-1
cover,11.2245,0,0,0,0
nearest,11.2245,-1
cover,11.2613,0,0,0,0
nearest,11.2614,-1
cover,11.2924,0,0,0,0
nearest,11.2924,-1
cover,11.3226,0,0,0,0
nearest,11.3226,-1
cover,11.356,0,0,0,0
nearest,11.356,-1
cover,11.3905,0,0,0,0
nearest,11.3905,-1
cover,11.4184,0,0,0,0
nearest,11.4184,-1
cover,11.4477,0,0,0,0
nearest,11.4477,-1
cover,11.4771,0,0,0,0
nearest,11.4771,-1
cover,11.5043,0,0,0,0
nearest,11.5043,-1
cover,11.5333,0,0,0,0
nearest,11.5333,-1
cover,11.5645,0,0,0,0
nearest,11.5645,-1
cover,11.5934,0,0,0,0
nearest,11.5935,-1
cover,11.6232,0,0,0,0
nearest,11.6233,-1
cover,11.649,0,0,0,0
nearest,11.649,-1
cover,11.6798,0,0,0,0
nearest,11.6798,-1
cover,11.7074,0,0,0,0
nearest,11.7075,-1
cover,11.7351,0,0,0,0
nearest,11.7351,-1
cover,11.7602,0,0,0,0
nearest,11.7602,-1
cover,11.7914,0,0,0,0
nearest,11.7915,-1
cover,11.8191,0,0,0,0
nearest,11.8192,-1
cover,11.8466,0,0,0,0
nearest,11.8467,-1
cover,11.8783,0,0,0,0
nearest,11.8784,-1
cover,11.9099,0,0,0,0
nearest,11.9099,-1
cover,11.9397,0,0,0,0
nearest,11.9397,-1
cover,11.9675,0,0,0,0
nearest,11.9675,-1
cover,12.0162,0,0,0,0
nearest,12.0162,-1
cover,12.0639,0,0,0,0
nearest,12.0639,-1
cover,12.1001,0,0,0,0
nearest,12.1001,-1
cover,12.133,0,0,0,0
nearest,12.133,-1
cover,12.1649,0,0,0,0
nearest,12.1649,-1
cover,12.1951,0,0,0,0
nearest,12.1952,-1
cover,12.2274,0,0,0,0
nearest,12.2274,-1
cover,12.2548,0,0,0,0
nearest,12.2548,-1
cover,12.2899,0,0,0,0
nearest,12.2899,-1
cover,12.3265,0,0,0,0
nearest,12.3265,-1
cover,12.3619,0,0,0,0
nearest,12.3619,-1
cover,12.3914,0,0,0,0
nearest,12.3914,-1
cover,12.4172,0,0,0,0
nearest,12.4173,-1
cover,12.4464,0,0,0,0
nearest,12.4465,-1
cover,12.4745,0,0,0,0
nearest,12.4746,-1
cover,12.5028,0,0,0,0
nearest,12.5028,-1
cover,12.5296,0,0,0,0
nearest,12.5296,-1
cover,12.5571,0,0,0,0
nearest,12.5571,-1
cover,12.5854,0,0,0,0
nearest,12.5854,-1
cover,12.6131,0,0,0,0
nearest,12.6131,-1
cover,12.6435,0,0,0,0
nearest,12.6436,-1
cover,12.6771,0,0,0,0
nearest,12.6771,-1
cover,12.7048,0,0,0,0
nearest,12.7048,-1
cover,12.7309,0,0,0,0
nearest,12.7309,-1
cover,12.7553,0,0,0,0
nearest,12.7553,-1
cover,12.7807,0,0,0,0
nearest,12.7807,-1
cover,12.8094,0,0,0,0
nearest,12.8094,-1
cover,12.8456,0,0,0,0
nearest,12.8457,-1
cover,12.8862,0,0,0,0
nearest,12.8862,-1
cover,12.9362,0,0,0,0
nearest,12.9363,-1
cover,12.9698,0,0,0,0
nearest,12.9699,-1
cover,12.9968,0,0,0,0
nearest,12.9969,-1
cover,13.0255,0,0,0,0
nearest,13.0255,-1
cover,13.0526,0,0,0,0
nearest,13.0526,-1
cover,13.0797,0,0,0,0
nearest,13.0797,-1
cover,13.1042,0,0,0,0
nearest,13.1042,-1
cover,13.1302,0,0,0,0
nearest,13.1303,-1
cover,13.1565,0,0,0,0
nearest,13.1565,-1
cover,13.1812,0,0,0,0
nearest,13.1813,-1
cover,13.208,0,0,0,0
nearest,13.208,-1
cover,13.2381,0,0,0,0
nearest,13.2381,-1
cover,13.2631,0,0,0,0
nearest,13.2632,-1
cover,13.2929,0,0,0,0
nearest,13.2929,-1
cover,13.325,0,0,0,0
nearest,13.325,-1
cover,13.3546,0,0,0,0
nearest,13.3546,-1
cover,13.3846,0,0,0,0
nearest,13.3846,-1
cover,13.4203,0,0,0,0
nearest,13.4203,-1
cover,13.454,0,0,0,0
nearest,13.454,-1
cover,13.4899,0,0,0,0
nearest,13.4899,-1
cover,13.5225,0,0,0,0
nearest,13.5226,-1
cover,13.5541,0,0,0,0
nearest,13.5541,-1
cover,13.592,0,0,0,0
nearest,13.592,-1
cover,13.6259,0,0,0,0
nearest,13.6259,-1
cover,13.6581,0,0,0,0
nearest,13.6582,-1
cover,13.6893,0,0,0,0
nearest,13.6893,-1
cover,13.7196,0,0,0,0
nearest,13.7196,-1
cover,13.7459,0,0,0,0
nearest,13.7459,-1
cover,13.7717,0,0,0,0
nearest,13.7717,-1
cover,13.8047,0,0,0,0
nearest,13.8047,-1
cover,13.8388,0,0,0,0
nearest,13.8389,-1
cover,13.873,0,0,0,0
nearest,13.873,-1
cover,13.9051,0,0,0,0
nearest,13.9051,-1
cover,13.9409,0,0,0,0
nearest,13.941,-1
cover,13.9788,0,0,0,0
nearest,13.9788,-1
cover,14.0136,0,0,0,0
nearest,14.0136,-1
cover,14.0435,0,0,0,0
nearest,14.0435,-1
cover,14.0745,0,0,0,0
nearest,14.0745,-1
cover,14.1047,0,0,0,0
nearest,14.1048,-1
cover,14.1352,0,0,0,0
nearest,14.1353,-1
cover,14.1741,0,0,0,0
nearest,14.1742,-1
cover,14.2132,0,0,0,0
nearest,14.2132,-1
cover,14.2499,0,0,0,0
nearest,14.2499,-1
cover,14.2829,0,0,0,0
nearest,14.2829,-1
cover,14.318,0,0,0,0
nearest,14.318,-1
cover,14.353,0,0,0,0
nearest,14.353,-1
cover,14.3858,0,0,0,0
nearest,14.3858,-1
cover,14.4191,0,0,0,0
nearest,14.4191,-1
cover,14.4498,0,0,0,0
nearest,14.4498,-1
cover,14.4845,0,0,0,0
nearest,14.4845,-1
cover,14.5189,0,0,0,0
nearest,14.5189,-1
cover,14.5535,0,0,0,0
nearest,14.5535,-1
cover,14.5878,0,0,0,0
nearest,14.5878,-1
cover,14.6178,0,0,0,0
nearest,14.6178,-1
cover,14.6527,0,0,0,0
nearest,14.6528,-1
cover,14.6864,0,0,0,0
nearest,14.6864,-1
cover,14.7149,0,0,0,0
nearest,14.7149,-1
cover,14.746,0,0,0,0
nearest,14.746,-1
cover,14.7762,0,0,0,0
nearest,14.7762,-1
cover,14.8024,0,0,0,0
nearest,14.8024,-1
cover,14.8285,0,0,0,0
nearest,14.8285,-1
cover,14.854,0,0,0,0
nearest,14.854,-1
cover,14.8847,0,0,0,0
nearest,14.8848,-1
cover,14.9171,0,0,0,0
nearest,14.9171,-1
cover,14.9534,0,0,0,0
nearest,14.9534,-1
cover,14.9875,0,0,0,0
nearest,14.9875,-1
cover,15.0205,0,0,0,0
nearest,15.0206,-1
cover,15.0524,0,0,0,0
nearest,15.0524,-1
cover,15.0812,0,0,0,0
nearest,15.0812,-1
cover,15.1066,0,0,0,0
nearest,15.1066,-1
cover,15.1369,0,0,0,0
nearest,15.1369,-1
cover,15.167,0,0,0,0
nearest,15.167,-1
cover,15.1949,0,0,0,0
nearest,15.1949,-1
cover,15.2274,0,0,0,0
nearest,15.2274,-1
cover,15.2584,0,0,0,0
nearest,15.2584,-1
cover,15.2901,0,0,0,0
nearest,15.2901,-1
cover,15.3171,0,0,0,0
nearest,15.3171,-1
cover,15.3462,0,0,0,0
nearest,15.3462,-1
cover,15.3725,0,0,0,0
nearest,15.3725,-1
cover,15.4024,0,0,0,0
nearest,15.4024,-1
cover,15.4462,0,0,0,0
nearest,15.4462,-1
cover,15.4803,0,0,0,0
nearest,15.4804,-1
cover,15.5142,0,0,0,0
nearest,15.5142,-1
cover,15.5483,0,0,0,0
nearest,15.5484,-1
cover,15.5825,0,0,0,0
nearest,15.5825,-1
cover,15.6112,0,0,0,0
nearest,15.6113,-1
cover,15.6402,0,0,0,0
nearest,15.6402,-1
cover,15.6686,0,0,0,0
nearest,15.6687,-1
cover,15.6962,0,0,0,0
nearest,15.6962,-1
cover,15.7262,0,0,0,0
nearest,15.7262,-1
cover,15.7523,0,0,0,0
nearest,15.7523,-1
cover,15.7785,0,0,0,0
nearest,15.7785,-1
cover,15.8055,0,0,0,0
nearest,15.8055,-1
cover,15.8329,0,0,0,0
nearest,15.8329,-1
cover,15.862,0,0,0,0
nearest,15.8621,-1
cover,15.8902,0,0,0,0
nearest,15.8902,-1
cover,15.9161,0,0,0,0
nearest,15.9161,-1
cover,15.9436,0,0,0,0
nearest,15.9436,-1
cover,15.9691,0,0,0,0
nearest,15.9691,-1
cover,15.9926,0,0,0,0
nearest,15.9926,-1
cover,16.017,0,0,0,0
nearest,16.017,-1
cover,16.041,0,0,0,0
nearest,16.041,-1
cover,16.0623,0,0,0,0
nearest,16.0623,-1
cover,16.0863,0,0,0,0
nearest,16.0863,-1
cover,16.1083,0,0,0,0
nearest,16.1083,-1
cover,16.1346,0,0,0,0
nearest,16.1346,-1
cover,16.1915,0,0,0,0
nearest,16.1915,-1
cover,16.2303,0,0,0,0
nearest,16.2303,-1
cover,16.2707,0,0,0,0
nearest,16.2707,-1
cover,16.3114,0,0,0,0
nearest,16.3115,-1
cover,16.3502,0,0,0,0
nearest,16.3502,-1
cover,16.3877,0,0,0,0
nearest,16.3877,-1
cover,16.4225,0,0,0,0
nearest,16.4225,-1
cover,16.4602,0,0,0,0
nearest,16.4602,-1
cover,16.4989,0,0,0,0
nearest,16.4989,-1
cover,16.5337,0,0,0,0
nearest,16.5338,-1
cover,16.5688,0,0,0,0
nearest,16.5688,-1
cover,16.6105,0,0,0,0
nearest,16.6106,-1
cover,16.6492,0,0,0,0
nearest,16.6492,-1
cover,16.6822,0,0,0,0
nearest,16.6822,-1
cover,16.7225,0,0,0,0
nearest,16.7226,-1
cover,16.7669,0,0,0,0
nearest,16.7669,-1
cover,16.809,0,0,0,0
nearest,16.8091,-1
cover,16.8595,0,0,0,0
nearest,16.8595,-1
cover,16.8905,0,0,0,0
nearest,16.8905,-1
cover,16.9302,0,0,0,0
nearest,16.9302,-1
cover,16.9658,0,0,0,0
nearest,16.9658,-1
cover,17.0052,0,0,0,0
nearest,17.0053,-1
cover,17.0434,0,0,0,0
nearest,17.0435,-1
cover,17.1322,0,0,0,0
nearest,17.1323,-1
cover,17.1644,0,0,0,0
nearest,17.1644,-1
cover,17.2123,0,0,0,0
nearest,17.2124,-1
cover,17.2538,0,0,0,0
nearest,17.2538,-1
cover,17.2884,0,0,0,0
nearest,17.2885,-1
cover,17.3232,0,0,0,0
nearest,17.3232,-1
cover,17.3584,0,0,0,0
nearest,17.3584,-1
cover,17.3987,0,0,0,0
nearest,17.3987,-1
cover,17.4352,0,0,0,0
nearest,17.4352,-1
cover,17.4704,0,0,0,0
nearest,17.4705,-1
cover,17.5108,0,0,0,0
nearest,17.5108,-1
cover,17.5504,0,0,0,0
nearest,17.5504,-1
cover,17.5961,0,0,0,0
nearest,17.5961,-1
cover,17.6351,0,0,0,0
nearest,17.6351,-1
cover,17.6727,0,0,0,0
nearest,17.6727,-1
cover,17.7125,0,0,0,0
nearest,17.7125,-1
cover,17.7558,0,0,0,0
nearest,17.7559,-1
cover,17.8118,0,0,0,0
nearest,17.8119,-1
cover,17.8623,0,0,0,0
nearest,17.8623,-1
cover,17.9274,0,0,0,0
nearest,17.9274,-1
cover,17.9796,0,0,0,0
nearest,17.9796,-1
cover,18.0513,0,0,0,0
nearest,18.0513,-1
cover,18.104,0,0,0,0
nearest,18.104,-1
cover,18.1536,0,0,0,0
nearest,18.1536,-1
cover,18.2025,0,0,0,0
nearest,18.2025,-1
cover,18.2495,0,0,0,0
nearest,18.2495,-1
cover,18.2995,0,0,0,0
nearest,18.2995,-1
cover,18.3513,0,0,0,0
nearest,18.3514,-1
cover,18.4062,0,0,0,0
nearest,18.4062,-1
cover,18.4603,0,0,0,0
nearest,18.4604,-1
cover,18.5108,0,0,0,0
nearest,18.5109,-1
cover,18.5621,0,0,0,0
nearest,18.5621,-1
cover,18.6112,0,0,0,0
nearest,18.6113,-1
cover,18.6674,0,0,0,0
nearest,18.6675,-1
cover,18.7191,0,0,0,0
nearest,18.7191,-1
cover,18.7703,0,0,0,0
nearest,18.7704,-1
cover,18.8207,0,0,0,0
nearest,18.8207,-1
cover,18.8723,0,0,0,0
nearest,18.8724,-1
cover,18.9234,0,0,0,0
nearest,18.9235,-1
cover,18.9732,0,0,0,0
nearest,18.9732,-1
cover,19.0257,0,0,0,0
nearest,19.0257,-1
cover,19.0736,0,0,0,0
nearest,19.0736,-1
cover,19.1213,0,0,0,0
nearest,19.1214,-1
cover,19.1704,0,0,0,0
nearest,19.1704,-1
cover,19.2244,0,0,0,0
nearest,19.2245,-1
cover,19.2746,0,0,0,0
nearest,19.2746,-1
cover,19.3245,0,0,0,0
nearest,19.3245,-1
cover,19.3741,0,0,0,0
nearest,19.3741,-1
cover,19.4252,0,0,0,0
nearest,19.4252,-1
cover,19.4852,0,0,0,0
nearest,19.4852,-1
cover,19.5403,0,0,0,0
nearest,19.5403,-1
cover,19.5987,0,0,0,0
nearest,19.5987,-1
cover,19.6589,0,0,0,0
nearest,19.6589,-1
cover,19.716,0,0,0,0
nearest,19.716,-1
cover,19.7762,0,0,0,0
nearest,19.7762,-1
cover,19.8327,0,0,0,0
nearest,19.8327,-1
cover,19.8936,0,0,0,0
nearest,19.8936,-1
cover,19.9508,0,0,0,0
nearest,19.9508,-1
cover,20.0133,0,0,0,0
nearest,20.0134,-1
cover,20.0667,0,0,0,0
nearest,20.0668,-1
cover,20.1202,0,0,0,0
nearest,20.1202,-1
cover,20.1695,0,0,0,0
nearest,20.1696,-1
cover,20.2147,0,0,0,0
nearest,20.2147,-1
cover,20.2613,0,0,0,0
nearest,20.2614,-1
cover,20.2986,0,0,0,0
nearest,20.2986,-1
cover,20.3483,0,0,0,0
nearest,20.3483,-1
cover,20.393,0,0,0,0
nearest,20.393,-1
cover,20.4391,0,0,0,0
nearest,20.4391,-1
cover,20.4931,0,0,0,0
nearest,20.4932,-1
cover,20.5399,0,0,0,0
nearest,20.54,-1
cover,20.5883,0,0,0,0
nearest,20.5883,-1
cover,20.6336,0,0,0,0
nearest,20.6336,-1
cover,20.6856,0,0,0,0
nearest,20.6857,-1
cover,20.7319,0,0,0,0
nearest,20.732,-1
cover,20.781,0,0,0,0
nearest,20.781,-1
cover,20.8248,0,0,0,0
nearest,20.8248,-1
cover,20.8773,0,0,0,0
nearest,20.8773,-1
cover,20.9255,0,0,0,0
nearest,20.9255,-1
cover,20.9751,0,0,0,0
nearest,20.9751,-1
cover,21.0202,0,0,0,0
nearest,21.0202,-1
cover,21.0651,0,0,0,0
nearest,21.0651,-1
cover,21.1084,0,0,0,0
nearest,21.1084,-1
cover,21.1609,0,0,0,0
nearest,21.1609,-1
cover,21.2109,0,0,0,0
nearest,21.2109,-1
cover,21.2647,0,0,0,0
nearest,21.2647,-1
cover,21.3139,0,0,0,0
nearest,21.3139,-1
cover,21.3601,0,0,0,0
nearest,21.3602,-1
cover,21.4111,0,0,0,0
nearest,21.4111,-1
cover,21.4593,0,0,0,0
nearest,21.4593,-1
cover,21.5004,0,0,0,0
nearest,21.5005,-1
cover,21.5446,0,0,0,0
nearest,21.5446,-1
cover,21.5947,0,0,0,0
nearest,21.5947,-1
cover,21.6415,0,0,0,0
nearest,21.6415,-1
cover,21.6911,0,0,0,0
nearest,21.6911,-1
cover,21.7414,0,0,0,0
nearest,21.7414,-1
cover,21.791,0,0,0,0
nearest,21.791,-1
cover,21.8579,0,0,0,0
nearest,21.858,-1
cover,21.9114,0,0,0,0
nearest,21.9114,-1
cover,21.9632,0,0,0,0
nearest,21.9633,-1
cover,22.0167,0,0,0,0
nearest,22.0167,-1
cover,22.066,0,0,0,0
nearest,22.066,-1
cover,22.1118,0,0,0,0
nearest,22.1119,-1
cover,22.1574,0,0,0,0
nearest,22.1574,-1
cover,22.2008,0,0,0,0
nearest,22.2008,-1
cover,22.2504,0,0,0,0
nearest,22.2504,-1
cover,22.2975,0,0,0,0
nearest,22.2975,-1
cover,22.3432,0,0,0,0
nearest,22.3432,-1
cover,22.3884,0,0,0,0
nearest,22.3884,-1
cover,22.4379,0,0,0,0
nearest,22.4379,-1
cover,22.4855,0,0,0,0
nearest,22.4855,-1
cover,22.5296,0,0,0,0
nearest,22.5297,-1
cover,22.5806,0,0,0,0
nearest,22.5807,-1
cover,22.6338,0,0,0,0
nearest,22.6339,-1
cover,22.6868,0,0,0,0
nearest,22.6868,-1
cover,22.7335,0,0,0,0
nearest,22.7335,-1
cover,22.7841,0,0,0,0
nearest,22.7841,-1
cover,22.8325,0,0,0,0
nearest,22.8325,-1
cover,22.8837,0,0,0,0
nearest,22.8844,-1
cover,22.9264,0,0,0,0
nearest,22.9265,-1
cover,22.9755,0,0,0,0
nearest,22.9755,-1
cover,23.0246,0,0,0,0
nearest,23.0246,-1
cover,23.0688,0,0,0,0
nearest,23.0688,-1
cover,23.1208,0,0,0,0
nearest,23.1208,-1
cover,23.1787,0,0,0,0
nearest,23.1787,-1
cover,23.2295,0,0,0,0
nearest,23.2296,-1
cover,23.2796,0,0,0,0
nearest,23.2796,-1
cover,23.3274,0,0,0,0
nearest,23.3274,-1
cover,23.3761,0,0,0,0
nearest,23.3761,-1
cover,23.4229,0,0,0,0
nearest,23.423,-1
cover,23.4648,0,0,0,0
nearest,23.4649,-1
cover,23.5137,0,0,0,0
nearest,23.5137,-1
cover,23.5624,0,0,0,0
nearest,23.5625,-1
cover,23.616,0,0,0,0
nearest,23.616,-1
cover,23.6632,0,0,0,0
nearest,23.6632,-1
cover,23.7159,0,0,0,0
nearest,23.7159,-1
cover,23.7649,0,0,0,0
nearest,23.7649,-1
cover,23.8187,0,0,0,0
nearest,23.8187,-1
cover,23.8686,0,0,0,0
nearest,23.8686,-1
cover,23.9195,0,0,0,0
nearest,23.9195,-1
cover,23.9741,0,0,0,0
nearest,23.9742,-1
cover,24.0254,0,0,0,0
nearest,24.0254,-1
cover,24.0757,0,0,0,0
nearest,24.0757,-1
cover,24.1239,0,0,0,0
nearest,24.1239,-1
cover,24.1751,0,0,0,0
nearest,24.1751,-1
cover,24.2214,0,0,0,0
nearest,24.2214,-1
cover,24.2653,0,0,0,0
nearest,24.2653,-1
cover,24.3082,0,0,0,0
nearest,24.3082,-1
cover,24.3521,0,0,0,0
nearest,24.3521,-1
cover,24.4041,0,0,0,0
nearest,24.4041,-1
cover,24.4531,0,0,0,0
nearest,24.4531,-1
cover,24.5038,0,0,0,0
nearest,24.5039,-1
cover,24.5526,0,0,0,0
nearest,24.5526,-1
cover,24.6034,0,0,0,0
nearest,24.6035,-1
cover,24.6554,0,0,0,0
nearest,24.6554,-1
cover,24.7026,0,0,0,0
nearest,24.7026,-1
cover,24.7544,0,0,0,0
nearest,24.7544,-1
cover,24.8027,0,0,0,0
nearest,24.8028,-1
cover,24.8523,0,0,0,0
nearest,24.8523,-1
cover,24.9005,0,0,0,0
nearest,24.9006,-1
cover,24.9444,0,0,0,0
nearest,24.9444,-1
cover,24.9895,0,0,0,0
nearest,24.9895,-1
cover,25.0363,0,0,0,0
nearest,25.0363,-1
cover,25.0877,0,0,0,0
nearest,25.0878,-1
cover,25.1402,0,0,0,0
nearest,25.1402,-1
cover,25.1883,0,0,0,0
nearest,25.1883,-1
cover,25.2356,0,0,0,0
nearest,25.2356,-1
cover,25.2804,0,0,0,0
nearest,25.2804,-1
cover,25.3342,0,0,0,0
nearest,25.3342,-1
cover,25.3778,0,0,0,0
nearest,25.3778,-1
cover,25.4151,0,0,0,0
nearest,25.4151,-1
cover,25.4492,0,0,0,0
nearest,25.4492,-1
cover,25.4886,0,0,0,0
nearest,25.4887,-1
cover,25.5232,0,0,0,0
nearest,25.5232,-1
cover,25.5624,0,0,0,0
nearest,25.5624,-1
cover,25.6112,0,0,0,0
nearest,25.6112,-1
cover,25.6518,0,0,0,0
nearest,25.6518,-1
cover,25.6907,0,0,0,0
nearest,25.6907,-1
cover,25.7312,0,0,0,0
nearest,25.7313,-1
cover,25.7713,0,0,0,0
nearest,25.7714,-1
cover,25.8201,0,0,0,0
nearest,25.8201,-1
cover,25.8572,0,0,0,0
nearest,25.8572,-1
cover,25.8989,0,0,0,0
nearest,25.8989,-1
cover,25.9403,0,0,0,0
nearest,25.9403,-1
cover,25.9818,0,0,0,0
nearest,25.9818,-1
cover,26.0263,0,0,0,0
nearest,26.0264,-1
cover,26.0682,0,0,0,0
nearest,26.0683,-1
cover,26.1089,0,0,0,0
nearest,26.1089,-1
cover,26.1584,0,0,0,0
nearest,26.1584,-1
cover,26.2007,0,0,0,0
nearest,26.2008,-1
cover,26.2479,0,0,0,0
nearest,26.2479,-1
cover,26.2924,0,0,0,0
nearest,26.2925,-1
cover,26.3334,0,0,0,0
nearest,26.3334,-1
cover,26.3774,0,0,0,0
nearest,26.3775,-1
cover,26.4248,0,0,0,0
nearest,26.4248,-1
cover,26.4637,0,0,0,0
nearest,26.4637,-1
cover,26.512,0,0,0,0
nearest,26.5121,-1
cover,26.5493,0,0,0,0
nearest,26.5493,-1
cover,26.5825,0,0,0,0
nearest,26.5825,-1
cover,26.6176,0,0,0,0
nearest,26.6177,-1
cover,26.6568,0,0,0,0
nearest,26.6568,-1
cover,26.6997,0,0,0,0
nearest,26.6997,-1
cover,26.7428,0,0,0,0
nearest,26.7429,-1
cover,26.7819,0,0,0,0
nearest,26.7819,-1
cover,26.8211,0,0,0,0
nearest,26.8211,-1
cover,26.8654,0,0,0,0
nearest,26.8654,-1
cover,26.9109,0,0,0,0
nearest,26.911,-1
cover,26.9529,0,0,0,0
nearest,26.9529,-1
cover,26.998,0,0,0,0
nearest,26.998,-1
cover,27.0415,0,0,0,0
nearest,27.0416,-1
cover,27.0796,0,0,0,0
nearest,27.0796,-1
cover,27.1273,0,0,0,0
nearest,27.1273,-1
cover,27.1669,0,0,0,0
nearest,27.167,-1
cover,27.2086,0,0,0,0
nearest,27.2086,-1
cover,27.2487,0,0,0,0
nearest,27.2487,-1
cover,27.2916,0,0,0,0
nearest,27.2917,-1
cover,27.3295,0,0,0,0
nearest,27.3296,-1
cover,27.367,0,0,0,0
nearest,27.367,-1
cover,27.4116,0,0,0,0
nearest,27.4116,-1
cover,27.4498,0,0,0,0
nearest,27.4499,-1
cover,27.4912,0,0,0,0
nearest,27.4913,-1
cover,27.5301,0,0,0,0
nearest,27.5301,-1
cover,27.5657,0,0,0,0
nearest,27.5657,-1
cover,27.6049,0,0,0,0
nearest,27.6049,-1
cover,27.6421,0,0,0,0
nearest,27.6421,-1
cover,27.6829,0,0,0,0
nearest,27.6829,-1
cover,27.7287,0,0,0,0
nearest,27.7288,-1
cover,27.7652,0,0,0,0
nearest,27.7653,-1
cover,27.8006,0,0,0,0
nearest,27.8006,-1
cover,27.8412,0,0,0,0
nearest,27.8413,-1
cover,27.8795,0,0,0,0
nearest,27.8795,-1
cover,27.9172,0,0,0,0
nearest,27.9172,-1
cover,27.9594,0,0,0,0
nearest,27.9594,-1
cover,28.0084,0,0,0,0
nearest,28.0084,-1
cover,28.0521,0,0,0,0
nearest,28.0521,-1
cover,28.0961,0,0,0,0
nearest,28.0961,-1
cover,28.1396,0,0,0,0
nearest,28.1396,-1
cover,28.1789,0,0,0,0
nearest,28.1789,-1
cover,28.2167,0,0,0,0
nearest,28.2167,-1
cover,28.2567,0,0,0,0
nearest,28.2567,-1
cover,28.2999,0,0,0,0
nearest,28.2999,-1
cover,28.3402,0,0,0,0
nearest,28.3403,-1
cover,28.3814,0,0,0,0
nearest,28.3814,-1
cover,28.4256,0,0,0,0
nearest,28.4257,-1
cover,28.4673,0,0,0,0
nearest,28.4673,-1
cover,28.5143,0,0,0,0
nearest,28.5144,-1
cover,28.5578,0,0,0,0
nearest,28.5579,-1
cover,28.6002,0,0,0,0
nearest,28.6003,-1
cover,28.6362,0,0,0,0
nearest,28.6362,-1
cover,28.6849,0,0,0,0
nearest,28.6849,-1
cover,28.7257,0,0,0,0
nearest,28.7257,-1
cover,28.7698,0,0,0,0
nearest,28.7698,-1
cover,28.8176,0,0,0,0
nearest,28.8176,-1
cover,28.8622,0,0,0,0
nearest,28.8622,-1
cover,28.9035,0,0,0,0
nearest,28.9035,-1
cover,28.9496,0,0,0,0
nearest,28.9496,-1
cover,28.9904,0,0,0,0
nearest,28.9904,-1
cover,29.0391,0,0,0,0
nearest,29.0391,-1
cover,29.0881,0,0,0,0
nearest,29.0881,-1
cover,29.1323,0,0,0,0
nearest,29.1323,-1
cover,29.1729,0,0,0,0
nearest,29.1729,-1
cover,29.2154,0,0,0,0
nearest,29.2154,-1
cover,29.255,0,0,0,0
nearest,29.255,-1
cover,29.3004,0,0,0,0
nearest,29.3004,-1
cover,29.34,0,0,0,0
nearest,29.3401,-1
cover,29.3842,0,0,0,0
nearest,29.3842,-1
cover,29.4285,0,0,0,0
nearest,29.4286,-1
cover,29.4944,0,0,0,0
nearest,29.4944,-1
cover,29.538,0,0,0,0
nearest,29.538,-1
cover,29.5796,0,0,0,0
nearest,29.5796,-1
cover,29.6203,0,0,0,0
nearest,29.6204,-1
cover,29.6659,0,0,0,0
nearest,29.666,-1
cover,29.7185,0,0,0,0
nearest,29.7186,-1
cover,29.7676,0,0,0,0
nearest,29.7677,-1
cover,29.8158,0,0,0,0
nearest,29.8158,-1
cover,29.8586,0,0,0,0
nearest,29.8587,-1
cover,29.9029,0,0,0,0
nearest,29.9029,-1
cover,29.9527,0,0,0,0
nearest,29.9528,-1
cover,30.0005,0,0,0,0
nearest,30.0005,-1
cover,30.0453,0,0,0,0
nearest,30.0453,-1
cover,30.0893,0,0,0,0
nearest,30.0893,-1
cover,30.1331,0,0,0,0
nearest,30.1332,-1
cover,30.172,0,0,0,0
nearest,30.172,-1
cover,30.2143,0,0,0,0
nearest,30.2144,-1
cover,30.2571,0,0,0,0
nearest,30.2571,-1
cover,30.3071,0,0,0,0
nearest,30.3071,-1
cover,30.3559,0,0,0,0
nearest,30.3559,-1
cover,30.4026,0,0,0,0
nearest,30.4026,-1
cover,30.4503,0,0,0,0
nearest,30.4503,-1
cover,30.4955,0,0,0,0
nearest,30.4955,-1
cover,30.5373,0,0,0,0
nearest,30.5373,-1
cover,30.5744,0,0,0,0
nearest,30.5744,-1
cover,30.6197,0,0,0,0
nearest,30.6197,-1
cover,30.672,0,0,0,0
nearest,30.6721,-1
cover,30.7204,0,0,0,0
nearest,30.7205,-1
cover,30.7699,0,0,0,0
nearest,30.77,-1
cover,30.8133,0,0,0,0
nearest,30.8133,-1
cover,30.8547,0,0,0,0
nearest,30.8547,-1
cover,30.8942,0,0,0,0
nearest,30.8942,-1
cover,30.9376,0,0,0,0
nearest,30.9376,-1
cover,30.9855,0,0,0,0
nearest,30.9855,-1
cover,31.0312,0,0,0,0
nearest,31.0312,-1
cover,31.0764,0,0,0,0
nearest,31.0765,-1
cover,31.1208,0,0,0,0
nearest,31.1208,-1
cover,31.1587,0,0,0,0
nearest,31.1587,-1
cover,31.2156,0,0,0,0
nearest,31.2156,-1
cover,31.2832,0,0,0,0
nearest,31.2832,-1
cover,31.3373,0,0,0,0
nearest,31.3374,-1
cover,31.3873,0,0,0,0
nearest,31.3873,-1
cover,31.432,0,0,0,0
nearest,31.432,-1
cover,31.4764,0,0,0,0
nearest,31.4764,-1
cover,31.5175,0,0,0,0
nearest,31.5175,-1
cover,31.5706,0,0,0,0
nearest,31.5707,-1
cover,31.613,0,0,0,0
nearest,31.613,-1
cover,31.6599,0,0,0,0
nearest,31.6599,-1
cover,31.7053,0,0,0,0
nearest,31.7053,-1
cover,31.7631,0,0,0,0
nearest,31.7631,-1
cover,31.819,0,0,0,0
nearest,31.819,-1
cover,31.8803,0,0,0,0
nearest,31.8803,-1
cover,31.9321,0,0,0,0
nearest,31.9321,-1
cover,31.9943,0,0,0,0
nearest,31.9943,-1
cover,32.0468,0,0,0,0
nearest,32.0469,-1
cover,32.099,0,0,0,0
nearest,32.0991,-1
cover,32.1473,0,0,0,0
nearest,32.1473,-1
cover,32.1955,0,0,0,0
nearest,32.1955,-1
cover,32.2406,0,0,0,0
nearest,32.2406,-1
cover,32.2893,0,0,0,0
nearest,32.2893,-1
cover,32.3471,0,0,0,0
nearest,32.3471,-1
cover,32.3995,0,0,0,0
nearest,32.3996,-1
cover,32.451,0,0,0,0
nearest,32.451,-1
cover,32.5001,0,0,0,0
nearest,32.5001,-1
cover,32.553,0,0,0,0
nearest,32.553,-1
cover,32.6036,0,0,0,0
nearest,32.6037,-1
cover,32.6502,0,0,0,0
nearest,32.6502,-1
cover,32.6983,0,0,0,0
nearest,32.6984,-1
cover,32.7426,0,0,0,0
nearest,32.7426,-1
cover,32.7892,0,0,0,0
nearest,32.7892,-1
cover,32.8375,0,0,0,0
nearest,32.8375,-1
cover,32.8882,0,0,0,0
nearest,32.8883,-1
cover,32.9368,0,0,0,0
nearest,32.9368,-1
cover,32.991,0,0,0,0
nearest,32.991,-1
cover,33.0426,0,0,0,0
nearest,33.0426,-1
cover,33.0897,0,0,0,0
nearest,33.0897,-1
cover,33.136,0,0,0,0
nearest,33.136,-1
cover,33.1876,0,0,0,0
nearest,33.1877,-1
cover,33.2393,0,0,0,0
nearest,33.2393,-1
cover,33.2863,0,0,0,0
nearest,33.2864,-1
cover,33.3365,0,0,0,0
nearest,33.3366,-1
cover,33.3891,0,0,0,0
nearest,33.3891,-1
cover,33.4367,0,0,0,0
nearest,33.4367,-1
cover,33.4873,0,0,0,0
nearest,33.4873,-1
cover,33.5377,0,0,0,0
nearest,33.5377,-1
cover,33.5884,0,0,0,0
nearest,33.5884,-1
cover,33.6361,0,0,0,0
nearest,33.6361,-1
cover,33.6871,0,0,0,0
nearest,33.6871,-1
cover,33.7391,0,0,0,0
nearest,33.7391,-1
cover,33.7868,0,0,0,0
nearest,33.7868,-1
cover,33.8376,0,0,0,0
nearest,33.8377,-1
cover,33.8888,0,0,0,0
nearest,33.8888,-1
cover,33.9387,0,0,0,0
nearest,33.9388,-1
cover,33.9986,0,0,0,0
nearest,33.9986,-1
cover,34.0528,0,0,0,0
nearest,34.0528,-1
cover,34.1043,0,0,0,0
nearest,34.1043,-1
cover,34.1553,0,0,0,0
nearest,34.1553,-1
cover,34.2038,0,0,0,0
nearest,34.2038,-1
cover,34.2545,0,0,0,0
nearest,34.2546,-1
cover,34.3,0,0,0,0
nearest,34.3001,-1
cover,34.3488,0,0,0,0
nearest,34.3489,-1
cover,34.4006,0,0,0,0
nearest,34.4006,-1
cover,34.4493,0,0,0,0
nearest,34.4493,-1
cover,34.4993,0,0,0,0
nearest,34.4994,-1
cover,34.5499,0,0,0,0
nearest,34.55,-1
cover,34.6014,0,0,0,0
nearest,34.6014,-1
cover,34.651,0,0,0,0
nearest,34.651,-1
cover,34.7186,0,0,0,0
nearest,34.7186,-1
cover,34.7737,0,0,0,0
nearest,34.7737,-1
cover,34.8247,0,0,0,0
nearest,34.8247,-1
cover,34.8779,0,0,0,0
nearest,34.878,-1
cover,34.9307,0,0,0,0
nearest,34.9307,-1
cover,34.9791,0,0,0,0
nearest,34.9791,-1
cover,35.0312,0,0,0,0
nearest,35.0312,-1
cover,35.0866,0,0,0,0
nearest,35.0867,-1
cover,35.1377,0,0,0,0
nearest,35.1378,-1
cover,35.1913,0,0,0,0
nearest,35.1914,-1
cover,35.2482,0,0,0,0
nearest,35.2482,-1
cover,35.2965,0,0,0,0
nearest,35.2966,-1
cover,35.3462,0,0,0,0
nearest,35.3462,-1
cover,35.3966,0,0,0,0
nearest,35.3966,-1
cover,35.4481,0,0,0,0
nearest,35.4481,-1
cover,35.4975,0,0,0,0
nearest,35.4975,-1
cover,35.5536,0,0,0,0
nearest,35.5537,-1
cover,35.5998,0,0,0,0
nearest,35.5998,-1
cover,35.6451,0,0,0,0
nearest,35.6451,-1
cover,35.694,0,0,0,0
nearest,35.694,-1
cover,35.7441,0,0,0,0
nearest,35.7441,-1
cover,35.8,0,0,0,0
nearest,35.8,-1
cover,35.8509,0,0,0,0
nearest,35.8509,-1
cover,35.8996,0,0,0,0
nearest,35.8997,-1
cover,35.9499,0,0,0,0
nearest,35.9499,-1
cover,36.0014,0,0,0,0
nearest,36.0015,-1
cover,36.0515,0,0,0,0
nearest,36.0515,-1
cover,36.1021,0,0,0,0
nearest,36.1021,-1
cover,36.1508,0,0,0,0
nearest,36.1509,-1
cover,36.2011,0,0,0,0
nearest,36.2011,-1
cover,36.2513,0,0,0,0
nearest,36.2513,-1
cover,36.3013,0,0,0,0
nearest,36.3013,-1
cover,36.3507,0,0,0,0
nearest,36.3507,-1
cover,36.4028,0,0,0,0
nearest,36.4029,-1
cover,36.4549,0,0,0,0
nearest,36.4549,-1
cover,36.5228,0,0,0,0
nearest,36.5228,-1
cover,36.577,0,0,0,0
nearest,36.577,-1
cover,36.6208,0,0,0,0
nearest,36.6208,-1
cover,36.6702,0,0,0,0
nearest,36.6702,-1
cover,36.7214,0,0,0,0
nearest,36.7215,-1
cover,36.7694,0,0,0,0
nearest,36.7694,-1
cover,36.8203,0,0,0,0
nearest,36.8203,-1
cover,36.8706,0,0,0,0
nearest,36.8706,-1
cover,36.9213,0,0,0,0
nearest,36.9214,-1
cover,36.9733,0,0,0,0
nearest,36.9733,-1
cover,37.0219,0,0,0,0
nearest,37.0219,-1
cover,37.0705,0,0,0,0
nearest,37.0705,-1
cover,37.1225,0,0,0,0
nearest,37.1226,-1
cover,37.1728,0,0,0,0
nearest,37.1728,-1
cover,37.2221,0,0,0,0
nearest,37.2222,-1
cover,37.2727,0,0,0,0
nearest,37.2727,-1
cover,37.322,0,0,0,0
nearest,37.3221,-1
cover,37.3729,0,0,0,0
nearest,37.3729,-1
cover,37.4235,0,0,0,0
nearest,37.4235,-1
cover,37.4733,0,0,0,0
nearest,37.4733,-1
cover,37.5237,0,0,0,0
nearest,37.5237,-1
cover,37.574,0,0,0,0
nearest,37.574,-1
cover,37.6255,0,0,0,0
nearest,37.6255,-1
cover,37.6736,0,0,0,0
nearest,37.6736,-1
cover,37.721,0,0,0,0
nearest,37.721,-1
cover,37.7627,0,0,0,0
nearest,37.7627,-1
cover,37.8056,0,0,0,0
nearest,37.8057,-1
cover,37.8462,0,0,0,0
nearest,37.8462,-1
cover,37.891,0,0,0,0
nearest,37.891,-1
cover,37.9384,0,0,0,0
nearest,37.9384,-1
cover,37.9847,0,0,0,0
nearest,37.9847,-1
cover,38.0295,0,0,0,0
nearest,38.0296,-1
cover,38.0758,0,0,0,0
nearest,38.0758,-1
cover,38.1231,0,0,0,0
nearest,38.1231,-1
cover,38.1723,0,0,0,0
nearest,38.1724,-1
cover,38.2142,0,0,0,0
nearest,38.2142,-1
cover,38.2597,0,0,0,0
nearest,38.2597,-1
cover,38.3058,0,0,0,0
nearest,38.3058,-1
cover,38.348,0,0,0,0
nearest,38.348,-1
cover,38.3936,0,0,0,0
nearest,38.3936,-1
cover,38.4409,0,0,0,0
nearest,38.4409,-1
cover,38.4904,0,0,0,0
nearest,38.4904,-1
cover,38.5308,0,0,0,0
nearest,38.5308,-1
cover,38.5771,0,0,0,0
nearest,38.5771,-1
cover,38.6231,0,0,0,0
nearest,38.6231,-1
cover,38.6664,0,0,0,0
nearest,38.6664,-1
cover,38.7119,0,0,0,0
nearest,38.712,-1
cover,38.7569,0,0,0,0
nearest,38.757,-1
cover,38.7955,0,0,0,0
nearest,38.7955,-1
cover,38.8429,0,0,0,0
nearest,38.8429,-1
cover,38.8805,0,0,0,0
nearest,38.8806,-1
cover,38.9252,0,0,0,0
nearest,38.9252,-1
cover,38.9654,0,0,0,0
nearest,38.9655,-1
cover,39.0134,0,0,0,0
nearest,39.0135,-1
cover,39.0599,0,0,0,0
nearest,39.0599,-1
cover,39.0996,0,0,0,0
nearest,39.0997,-1
cover,39.1437,0,0,0,0
nearest,39.1437,-1
cover,39.1826,0,0,0,0
nearest,39.1826,-1
cover,39.2264,0,0,0,0
nearest,39.2265,-1
cover,39.2651,0,0,0,0
nearest,39.2651,-1
cover,39.3105,0,0,0,0
nearest,39.3105,-1
cover,39.3515,0,0,0,0
nearest,39.3516,-1
cover,39.3956,0,0,0,0
nearest,39.3956,-1
cover,39.4334,0,0,0,0
nearest,39.4334,-1
cover,39.4767,0,0,0,0
nearest,39.4768,-1
cover,39.5172,0,0,0,0
nearest,39.5172,-1
cover,39.5612,0,0,0,0
nearest,39.5613,-1
cover,39.602,0,0,0,0
nearest,39.6021,-1
cover,39.6498,0,0,0,0
nearest,39.6498,-1
cover,39.6941,0,0,0,0
nearest,39.6941,-1
cover,39.7394,0,0,0,0
nearest,39.7395,-1
cover,39.7879,0,0,0,0
nearest,39.7879,-1
cover,39.8375,0,0,0,0
nearest,39.8375,-1
cover,39.8817,0,0,0,0
nearest,39.8817,-1
cover,39.9296,0,0,0,0
nearest,39.9296,-1
cover,39.979,0,0,0,0
nearest,39.9791,-1
cover,40.0253,0,0,0,0
nearest,40.0254,-1
cover,40.0709,0,0,0,0
nearest,40.071,-1
cover,40.1149,0,0,0,0
nearest,40.115,-1
cover,40.154,0,0,0,0
nearest,40.154,-1
cover,40.1972,0,0,0,0
nearest,40.1972,-1
cover,40.239,0,0,0,0
nearest,40.239,-1
cover,40.282,0,0,0,0
nearest,40.282,-1
cover,40.3213,0,0,0,0
nearest,40.3213,-1
cover,40.3641,0,0,0,0
nearest,40.3641,-1
cover,40.4028,0,0,0,0
nearest,40.4028,-1
cover,40.4459,0,0,0,0
nearest,40.4459,-1
cover,40.4852,0,0,0,0
nearest,40.4852,-1
cover,40.5242,0,0,0,0
nearest,40.5242,-1
cover,40.5696,0,0,0,0
nearest,40.5696,-1
cover,40.6161,0,0,0,0
nearest,40.6162,-1
cover,40.6551,0,0,0,0
nearest,40.6551,-1
cover,40.7036,0,0,0,0
nearest,40.7036,-1
cover,40.7469,0,0,0,0
nearest,40.7469,-1
cover,40.7881,0,0,0,0
nearest,40.7881,-1
cover,40.8335,0,0,0,0
nearest,40.8335,-1
cover,40.8739,0,0,0,0
nearest,40.8739,-1
cover,40.92,0,0,0,0
nearest,40.92,-1
cover,40.9668,0,0,0,0
nearest,40.9669,-1
cover,41.0089,0,0,0,0
nearest,41.0089,-1
cover,41.0566,0,0,0,0
nearest,41.0566,-1
cover,41.1013,0,0,0,0
nearest,41.1014,-1
cover,41.1382,0,0,0,0
nearest,41.1382,-1
cover,41.1804,0,0,0,0
nearest,41.1804,-1
cover,41.222,0,0,0,0
nearest,41.222,-1
cover,41.2741,0,0,0,0
nearest,41.2741,-1
cover,41.3215,0,0,0,0
nearest,41.3215,-1
cover,41.3596,0,0,0,0
nearest,41.3596,-1
cover,41.3989,0,0,0,0
nearest,41.399,-1
cover,41.433,0,0,0,0
nearest,41.4331,-1
cover,41.468,0,0,0,0
nearest,41.468,-1
cover,41.5018,0,0,0,0
nearest,41.5018,-1
cover,41.5335,0,0,0,0
nearest,41.5335,-1
cover,41.5692,0,0,0,0
nearest,41.5692,-1
cover,41.6045,0,0,0,0
nearest,41.6045,-1
cover,41.6412,0,0,0,0
nearest,41.6412,-1
cover,41.6798,0,0,0,0
nearest,41.6798,-1
cover,41.7183,0,0,0,0
nearest,41.7183,-1
cover,41.752,0,0,0,0
nearest,41.752,-1
cover,41.7834,0,0,0,0
nearest,41.7834,-1
cover,41.8178,0,0,0,0
nearest,41.8179,-1
cover,41.8563,0,0,0,0
nearest,41.8563,-1
cover,41.8908,0,0,0,0
nearest,41.8908,-1
cover,41.9275,0,0,0,0
nearest,41.9276,-1
cover,41.9708,0,0,0,0
nearest,41.9709,-1
cover,42.0118,0,0,0,0
nearest,42.0118,-1
cover,42.055,0,0,0,0
nearest,42.055,-1
cover,42.0929,0,0,0,0
nearest,42.0929,-1
cover,42.1266,0,0,0,0
nearest,42.1266,-1
cover,42.1613,0,0,0,0
nearest,42.1613,-1
cover,42.1936,0,0,0,0
nearest,42.1936,-1
cover,42.2272,0,0,0,0
nearest,42.2272,-1
cover,42.2596,0,0,0,0
nearest,42.2597,-1
cover,42.2937,0,0,0,0
nearest,42.2937,-1
cover,42.3282,0,0,0,0
nearest,42.3282,-1
cover,42.37,0,0,0,0
nearest,42.37,-1
cover,42.4078,0,0,0,0
nearest,42.4078,-1
cover,42.4408,0,0,0,0
nearest,42.4409,-1
cover,42.4781,0,0,0,0
nearest,42.4781,-1
cover,42.5203,0,0,0,0
nearest,42.5203,-1
cover,42.5564,0,0,0,0
nearest,42.5564,-1
cover,42.5926,0,0,0,0
nearest,42.5926,-1
cover,42.6342,0,0,0,0
nearest,42.6342,-1
cover,42.674,0,0,0,0
nearest,42.674,-1
cover,42.7093,0,0,0,0
nearest,42.7093,-1
cover,42.7477,0,0,0,0
nearest,42.7478,-1
cover,42.7916,0,0,0,0
nearest,42.7916,-1
cover,42.8264,0,0,0,0
nearest,42.8264,-1
cover,42.8669,0,0,0,0
nearest,42.8669,-1
cover,42.906,0,0,0,0
nearest,42.906,-1
cover,42.9447,0,0,0,0
nearest,42.9447,-1
cover,42.9807,0,0,0,0
nearest,42.9807,-1
cover,43.0256,0,0,0,0
nearest,43.0256,-1
cover,43.0742,0,0,0,0
nearest,43.0742,-1
cover,43.113,0,0,0,0
nearest,43.113,-1
cover,43.1579,0,0,0,0
nearest,43.1579,-1
cover,43.1946,1,0,1,0
nearest,43.1947,-1
cover,43.2317,0,0,0,0
nearest,43.2317,-1
cover,43.2751,0,0,0,0
nearest,43.2751,-1
cover,43.3159,0,0,0,0
nearest,43.3159,-1
cover,43.3572,0,0,0,0
nearest,43.3572,-1
cover,43.3933,0,0,0,0
nearest,43.3933,-1
cover,43.4316,0,0,0,0
nearest,43.4317,-1
cover,43.4721,0,0,0,0
nearest,43.4722,-1
cover,43.5127,0,0,0,0
nearest,43.5127,-1
cover,43.5571,0,0,0,0
nearest,43.5571,-1
cover,43.5934,0,0,0,0
nearest,43.5934,-1
cover,43.6298,1,0,1,0
nearest,43.6298,-1
cover,43.674,1,0,1,0
nearest,43.674,-1
cover,43.7126,1,0,1,0
nearest,43.7127,-1
cover,43.7571,1,0,1,0
nearest,43.7571,-1
cover,43.7987,1,0,1,0
nearest,43.7987,-1
cover,43.8429,0,0,0,0
nearest,43.8429,-1
cover,43.8832,0,0,0,0
nearest,43.8832,-1
cover,43.9258,0,0,0,0
nearest,43.9258,-1
cover,43.9639,0,0,0,0
nearest,43.964,-1
cover,44.009,1,0,1,0
nearest,44.0091,-1
cover,44.0476,1,0,1,0
nearest,44.0476,-1
cover,44.0971,1,0,1,0
nearest,44.0971,-1
cover,44.142,1,0,1,0
nearest,44.1421,-1
cover,44.1837,1,0,1,0
nearest,44.1837,-1
cover,44.2268,1,0,1,0
nearest,44.2268,-1
cover,44.2668,1,0,1,0
nearest,44.2668,-1
cover,44.3111,1,0,1,0
nearest,44.3112,-1
cover,44.3572,1,0,1,0
nearest,44.3573,-1
cover,44.3964,1,0,1,0
nearest,44.3964,-1
cover,44.433,1,0,1,0
nearest,44.433,-1
cover,44.4667,0,0,0,0
nearest,44.4667,-1
cover,44.5088,1,0,1,0
nearest,44.5088,-1
cover,44.5462,0,0,0,0
nearest,44.5462,-1
cover,44.5918,1,0,1,0
nearest,44.5918,-1
cover,44.6291,0,0,0,0
nearest,44.6292,-1
cover,44.6737,1,0,1,0
nearest,44.6737,-1
cover,44.7162,1,0,1,0
nearest,44.7163,-1
cover,44.7594,1,0,1,0
nearest,44.7594,-1
cover,44.7961,1,0,1,0
nearest,44.7961,-1
cover,44.8376,0,0,0,0
nearest,44.8377,-1
cover,44.8812,0,0,0,0
nearest,44.8812,-1
cover,44.9251,1,0,1,0
nearest,44.9252,-1
cover,44.9662,1,0,1,0
nearest,44.9663,-1
cover,45.0114,1,0,1,0
nearest,45.0115,-1
cover,45.0588,0,0,0,0
nearest,45.0589,-1
cover,45.0962,0,0,0,0
nearest,45.0962,-1
cover,45.1315,0,0,0,0
nearest,45.1316,-1
cover,45.1762,0,0,0,0
nearest,45.1762,-1
cover,45.2152,0,0,0,0
nearest,45.2152,-1
cover,45.2597,0,0,0,0
nearest,45.2597,-1
cover,45.3058,1,0,1,0
nearest,45.3058,-1
cover,45.345,0,0,0,0
nearest,45.3451,-1
cover,45.3846,0,0,0,0
nearest,45.3847,-1
cover,45.4242,1,1,0,1
err,45.4243,-288.88,-11.62
timing,45.4243,12.6,26.3
det,45.4243,967.44,754.0,47.38,62.5,0.606,Head
cover,45.4592,2,1,1,1
err,45.4592,-274.59,-33.52
timing,45.4592,8.1,24.9
det,45.4592,981.19,731.0,48.44,64.5,0.833,Head
det,45.4592,956.81,720.5,126.88,296.0,0.675,Body
cover,45.4991,1,1,0,1
err,45.4992,-256.25,-33.42
timing,45.4992,9.1,29.3
det,45.4992,998.42,730.0,50.66,66.5,0.611,Head
cover,45.543,2,1,1,1
err,45.5431,-244.25,-36.75
timing,45.5431,13.6,28.4
det,45.5431,1009.58,724.75,52.34,70.0,0.764,Head
det,45.5431,951.62,727.5,178.0,309.0,0.588,Body
cover,45.5831,1,1,0,1
err,45.5832,-240.0,-38.29
timing,45.5832,9.2,29.1
det,45.5832,1013.59,720.94,52.81,74.12,0.512,Head
cover,45.6305,1,1,0,1
err,45.6306,-228.44,-38.4
timing,45.6306,14.7,29.7
det,45.6306,1023.5,719.25,56.12,77.0,0.516,Head
cover,45.6765,1,1,0,1
err,45.6766,-223.12,-39.14
timing,45.6766,13.7,30.1
det,45.6766,1027.78,718.38,58.19,77.25,0.643,Head
cover,45.7199,0,0,0,0
nearest,45.7199,-1
cover,45.7672,0,0,0,0
nearest,45.7672,-1
cover,45.8132,0,0,0,0
nearest,45.8133,-1
cover,45.85,0,0,0,0
nearest,45.85,-1
cover,45.8937,1,1,0,1
err,45.8937,-237.31,-30.27
timing,45.8937,12.3,30.5
det,45.8937,1012.83,726.0,59.72,79.5,0.526,Head
cover,45.9333,1,1,0,1
err,45.9334,-237.25,-30.55
timing,45.9334,9.2,28.5
det,45.9334,1013.0,726.0,59.5,79.0,0.503,Head
cover,45.9749,0,0,0,0
nearest,45.975,-1
cover,46.0159,0,0,0,0
nearest,46.016,-1
cover,46.0624,0,0,0,0
nearest,46.0624,-1
cover,46.0998,1,1,0,1
err,46.0999,-237.38,-31.23
timing,46.0999,9.8,27.0
det,46.0999,1012.53,724.5,60.19,80.5,0.579,Head
cover,46.1436,1,1,0,1
err,46.1436,-236.88,-31.25
timing,46.1436,13.4,28.3
det,46.1436,1012.62,724.75,61.0,80.0,0.54,Head
cover,46.1929,1,1,0,1
err,46.193,-236.88,-31.23
timing,46.193,15.4,32.0
det,46.193,1012.28,724.56,61.69,80.38,0.57,Head
cover,46.2336,0,0,0,0
nearest,46.2336,-1
cover,46.2784,0,0,0,0
nearest,46.2785,-1
cover,46.3203,0,0,0,0
nearest,46.3204,-1
cover,46.3606,0,0,0,0
nearest,46.3606,-1
cover,46.3986,0,0,0,0
nearest,46.3986,-1
cover,46.442,1,1,0,1
err,46.442,-236.38,-30.92
timing,46.442,13.5,29.0
det,46.442,1012.84,724.25,61.56,81.5,0.531,Head
cover,46.4849,1,1,0,1
err,46.4849,-236.5,-31.49
timing,46.4849,10.4,30.9
det,46.4849,1012.83,724.38,61.34,80.25,0.549,Head
cover,46.5448,1,1,0,1
err,46.5449,-236.5,-31.48
timing,46.5449,19.6,38.0
det,46.5449,1013.03,724.25,60.94,80.5,0.577,Head
cover,46.5837,1,1,0,1
err,46.5844,-236.5,-31.51
timing,46.5844,9.5,27.6
det,46.5844,1012.97,724.62,61.06,79.75,0.569,Head
cover,46.6279,1,1,0,1
err,46.628,-236.5,-31.73
timing,46.628,13.4,28.3
det,46.628,1012.92,724.06,61.16,80.38,0.5,Head
cover,46.6656,1,1,0,1
err,46.6656,-236.62,-31.74
timing,46.6656,8.1,27.8
det,46.6656,1012.89,724.19,60.97,80.12,0.557,Head
cover,46.71,1,1,0,1
err,46.7101,-236.62,-31.99
timing,46.7101,12.5,30.1
det,46.7101,1012.78,723.88,61.19,80.25,0.569,Head
cover,46.7484,1,1,0,1
err,46.7484,-236.69,-32.0
timing,46.7484,10.0,26.6
det,46.7484,1012.75,724.0,61.12,80.0,0.558,Head
cover,46.7866,1,1,0,1
err,46.7866,-236.88,-31.99
timing,46.7866,9.7,26.9
det,46.7866,1012.47,723.88,61.31,80.25,0.633,Head
cover,46.8346,1,1,0,1
err,46.8346,-236.88,-31.75
timing,46.8346,15.0,30.9
det,46.8346,1012.62,724.25,61.0,80.0,0.62,Head
cover,46.878,1,1,0,1
err,46.8781,-238.75,-32.23
timing,46.8781,13.3,28.5
det,46.8781,1011.52,723.5,59.47,80.5,0.622,Head
cover,46.9173,1,1,0,1
err,46.9173,-238.94,-32.21
timing,46.9173,10.0,27.7
det,46.9173,1011.38,723.31,59.38,80.88,0.637,Head
cover,46.9617,1,1,0,1
err,46.9617,-238.75,-32.22
timing,46.9617,12.6,30.1
det,46.9617,1011.62,723.44,59.25,80.62,0.622,Head
cover,47.0002,1,1,0,1
err,47.0002,-238.94,-32.25
timing,47.0002,9.7,26.9
det,47.0002,1011.36,723.75,59.41,80.0,0.653,Head
cover,47.045,1,1,0,1
err,47.0451,-238.94,-31.99
timing,47.0451,14.4,28.9
det,47.0451,1011.38,723.94,59.38,80.12,0.633,Head
cover,47.0863,1,1,0,1
err,47.0864,-238.69,-31.99
timing,47.0864,9.2,28.9
det,47.0864,1011.5,723.94,59.62,80.12,0.618,Head
cover,47.1304,1,1,0,1
err,47.1304,-238.62,-32.25
timing,47.1304,12.7,29.7
det,47.1304,1011.62,723.75,59.5,80.0,0.595,Head
cover,47.177,1,1,0,1
err,47.177,-238.5,-31.99
timing,47.177,13.1,31.8
det,47.177,1011.89,723.88,59.22,80.25,0.558,Head
cover,47.2198,1,1,0,1
err,47.2198,-238.38,-31.98
timing,47.2198,10.1,30.9
det,47.2198,1011.72,723.81,59.81,80.38,0.541,Head
cover,47.2679,1,1,0,1
err,47.2679,-238.19,-31.98
timing,47.2679,13.2,32.9
det,47.2679,1011.67,723.81,60.28,80.38,0.549,Head
cover,47.3166,1,1,0,1
err,47.3166,-238.12,-31.73
timing,47.3166,13.7,33.2
det,47.3166,1011.77,724.0,60.22,80.5,0.512,Head
cover,47.3613,1,1,0,1
err,47.3614,-237.12,-32.73
timing,47.3614,10.2,32.2
det,47.3614,1011.84,723.06,62.06,80.38,0.582,Head
cover,47.4119,1,1,0,1
err,47.4119,-237.12,-32.99
timing,47.4119,12.1,36.4
det,47.4119,1011.84,722.88,62.06,80.25,0.608,Head
cover,47.4499,1,1,0,1
err,47.4499,-237.62,-17.96
timing,47.4499,9.7,26.6
det,47.4499,1011.34,737.62,62.06,80.75,0.761,Head
cover,47.4929,1,1,0,1
err,47.4929,-238.5,-17.95
timing,47.4929,11.8,30.0
det,47.4929,1011.66,737.5,59.69,81.0,0.71,Head
cover,47.5327,1,1,0,1
err,47.5327,-238.5,-26.3
timing,47.5327,10.5,27.7
det,47.5327,1011.62,730.25,59.75,79.0,0.769,Head
cover,47.5804,1,1,0,1
err,47.5805,-239.12,-29.57
timing,47.5805,16.8,29.4
det,47.5805,1011.02,727.19,59.72,78.62,0.654,Head
cover,47.6267,2,1,1,1
err,47.6267,-238.81,-30.08
timing,47.6267,16.4,28.4
det,47.6267,1010.86,726.75,60.66,78.5,0.703,Head
det,47.6267,951.75,723.5,189.5,319.5,0.537,Body
cover,47.6656,1,1,0,1
err,47.6656,-238.38,-31.25
timing,47.6656,10.6,26.6
det,47.6656,1011.56,724.75,60.12,80.0,0.562,Head
cover,47.7036,1,1,0,1
err,47.7037,-239.0,-31.5
timing,47.7037,8.4,28.1
det,47.7037,1010.47,724.5,61.06,80.0,0.588,Head
cover,47.7472,1,1,0,1
err,47.7473,-238.88,-31.77
timing,47.7473,14.8,27.2
det,47.7473,1011.09,724.44,60.06,79.62,0.54,Head
cover,47.7859,1,1,0,1
err,47.7859,-238.88,-31.77
timing,47.7859,13.2,24.1
det,47.7859,1010.94,724.5,60.38,79.5,0.539,Head
cover,47.8274,1,1,0,1
err,47.8275,-239.0,-31.77
timing,47.8275,13.8,26.7
det,47.8275,1010.73,724.5,60.53,79.5,0.56,Head
cover,47.8652,1,1,0,1
err,47.8652,-239.0,-31.54
timing,47.8652,8.6,27.2
det,47.8652,1010.81,724.88,60.38,79.25,0.557,Head
cover,47.9071,1,1,0,1
err,47.9072,-238.88,-31.51
timing,47.9072,13.5,27.7
det,47.9072,1010.8,724.62,60.66,79.75,0.559,Head
cover,47.9466,1,1,0,1
err,47.9467,-238.75,-31.5
timing,47.9467,11.8,26.6
det,47.9467,1010.81,724.5,60.88,80.0,0.521,Head
cover,48.0031,1,1,0,1
err,48.0031,-238.75,-31.5
timing,48.0031,14.6,40.0
det,48.0031,1010.75,724.5,61.0,80.0,0.539,Head
cover,48.0526,1,1,0,1
err,48.0526,-238.69,-31.49
timing,48.0526,15.8,31.3
det,48.0526,1010.8,724.44,61.03,80.12,0.543,Head
cover,48.0977,1,1,0,1
err,48.0977,-238.25,-31.48
timing,48.0977,14.1,30.1
det,48.0977,1011.22,724.25,61.06,80.5,0.532,Head
cover,48.1354,1,1,0,1
err,48.1354,-238.38,-31.51
timing,48.1354,9.1,27.2
det,48.1354,1011.44,724.56,60.38,79.88,0.52,Head
cover,48.1782,1,1,0,1
err,48.1783,-238.25,-31.5
timing,48.1783,9.8,31.6
det,48.1783,1011.56,724.5,60.38,80.0,0.518,Head
cover,48.2144,1,1,0,1
err,48.2144,-238.69,-30.99
timing,48.2144,9.5,25.8
det,48.2144,1010.92,724.88,60.78,80.25,0.603,Head
cover,48.2519,1,1,0,1
err,48.2519,-239.25,-31.26
timing,48.2519,8.6,27.0
det,48.2519,1010.03,724.81,61.44,79.88,0.689,Head
cover,48.2937,1,1,0,1
err,48.2937,-239.19,-31.27
timing,48.2937,13.0,27.1
det,48.2937,1010.02,725.0,61.59,79.5,0.683,Head
cover,48.335,1,1,0,1
err,48.335,-239.25,-31.04
timing,48.335,9.7,30.1
det,48.335,1010.02,725.38,61.47,79.25,0.685,Head
cover,48.3737,1,1,0,1
err,48.3737,-238.88,-30.09
timing,48.3737,11.5,26.5
det,48.3737,1010.3,726.88,61.66,78.25,0.706,Head
cover,48.4125,1,1,0,1
err,48.4125,-238.81,-30.35
timing,48.4125,11.0,26.4
det,48.4125,1010.39,726.75,61.59,78.0,0.704,Head
cover,48.4507,1,1,0,1
err,48.4508,-238.75,-30.33
timing,48.4508,12.8,24.1
det,48.4508,1010.64,726.56,61.22,78.38,0.682,Head
cover,48.4947,1,1,0,1
err,48.4947,-238.5,-30.33
timing,48.4947,14.4,27.9
det,48.4947,1011.0,726.5,61.0,78.5,0.639,Head
cover,48.5341,2,1,1,1
err,48.5342,-238.75,-30.08
timing,48.5342,10.6,27.2
det,48.5342,1010.67,726.75,61.16,78.5,0.663,Head
det,48.5342,951.12,724.5,187.38,317.0,0.504,Body
cover,48.5775,1,1,0,1
err,48.5775,-238.88,-30.33
timing,48.5775,9.4,32.3
det,48.5775,1010.66,726.5,60.94,78.5,0.679,Head
cover,48.6145,2,1,1,1
err,48.6145,-239.12,-30.06
timing,48.6145,9.9,25.4
det,48.6145,1010.56,726.62,60.62,78.75,0.661,Head
det,48.6145,951.5,723.5,190.0,318.5,0.541,Body
cover,48.6542,2,1,1,1
err,48.6543,-239.12,-30.06
timing,48.6543,8.3,30.1
det,48.6543,1010.53,726.62,60.69,78.75,0.656,Head
det,48.6543,951.75,724.0,188.75,317.5,0.558,Body
cover,48.7004,2,1,1,1
err,48.7004,-239.12,-30.06
timing,48.7004,16.6,27.9
det,48.7004,1010.75,726.62,60.25,78.75,0.657,Head
det,48.7004,950.88,722.5,193.25,321.5,0.506,Body
cover,48.7455,2,1,1,1
err,48.7455,-238.0,-30.54
timing,48.7455,14.7,28.8
det,48.7455,1011.12,725.94,61.75,79.12,0.622,Head
det,48.7455,951.12,723.0,190.25,322.0,0.511,Body
cover,48.7853,1,1,0,1
err,48.7853,-238.25,-30.56
timing,48.7853,10.2,26.5
det,48.7853,1011.03,726.12,61.44,78.75,0.643,Head
cover,48.8238,1,1,0,1
err,48.8238,-238.19,-30.56
timing,48.8238,10.7,26.3
det,48.8238,1011.33,726.12,60.97,78.75,0.656,Head
cover,48.8635,1,1,0,1
err,48.8636,-238.38,-30.58
timing,48.8636,11.2,27.0
det,48.8636,1011.41,726.25,60.44,78.5,0.669,Head
cover,48.904,1,1,0,1
err,48.904,-238.5,-30.55
timing,48.904,14.1,24.6
det,48.904,1011.5,726.0,60.0,79.0,0.638,Head
cover,48.9479,1,1,0,1
err,48.9479,-238.69,-30.55
timing,48.9479,13.4,28.7
det,48.9479,1011.5,726.0,59.62,79.0,0.658,Head
cover,48.9867,1,1,0,1
err,48.9868,-240.5,-9.83
timing,48.9868,9.7,27.7
det,48.9868,1011.45,747.0,56.09,78.5,0.594,Head
cover,49.0295,1,1,0,1
err,49.0295,-238.75,-13.04
timing,49.0295,10.2,30.8
det,49.0295,1011.12,743.38,60.25,79.25,0.579,Head
cover,49.0695,1,1,0,1
err,49.0696,-238.56,-19.04
timing,49.0696,9.7,28.8
det,49.0696,1011.17,737.38,60.53,79.25,0.781,Head
cover,49.1113,1,1,0,1
err,49.1114,-240.56,-22.01
timing,49.1114,13.3,27.1
det,49.1114,1009.36,734.12,60.16,79.75,0.574,Head
cover,49.149,1,1,0,1
err,49.1491,-239.19,-27.02
timing,49.1491,9.7,26.6
det,49.1491,1011.5,729.25,58.62,79.5,0.598,Head
cover,49.1904,1,1,0,1
err,49.1905,-240.19,-27.84
timing,49.1905,14.4,25.8
det,49.1905,1010.73,729.19,58.16,78.12,0.582,Head
cover,49.2294,0,0,0,0
nearest,49.2294,-1
cover,49.2662,1,1,0,1
err,49.2662,-238.5,-30.08
timing,49.2662,7.7,27.6
det,49.2662,1011.59,726.75,59.81,78.5,0.595,Head
cover,49.3173,0,0,0,0
nearest,49.3174,-1
cover,49.3706,0,0,0,0
nearest,49.3706,-1
cover,49.4107,0,0,0,0
nearest,49.4107,-1
cover,49.4537,0,0,0,0
nearest,49.4538,-1
cover,49.493,0,0,0,0
nearest,49.493,-1
cover,49.5309,0,0,0,0
nearest,49.5309,-1
cover,49.5736,0,0,0,0
nearest,49.5736,-1
cover,49.6109,0,0,0,0
nearest,49.6109,-1
cover,49.6503,0,0,0,0
nearest,49.6503,-1
cover,49.688,0,0,0,0
nearest,49.688,-1
cover,49.7247,0,0,0,0
nearest,49.7248,-1
cover,49.7622,0,0,0,0
nearest,49.7622,-1
cover,49.8045,0,0,0,0
nearest,49.8045,-1
cover,49.8431,0,0,0,0
nearest,49.8432,-1
cover,49.8794,0,0,0,0
nearest,49.8794,-1
cover,49.9209,0,0,0,0
nearest,49.9209,-1
cover,49.96,0,0,0,0
nearest,49.96,-1
cover,49.9973,0,0,0,0
nearest,49.9974,-1
cover,50.0389,1,1,0,1
err,50.0389,-238.94,-30.59
timing,50.0389,15.2,25.4
det,50.0389,1011.5,726.38,59.12,78.25,0.531,Head
cover,50.0816,0,0,0,0
nearest,50.0816,-1
cover,50.1259,0,0,0,0
nearest,50.1259,-1
cover,50.1656,0,0,0,0
nearest,50.1656,-1
cover,50.2042,0,0,0,0
nearest,50.2043,-1
cover,50.2425,0,0,0,0
nearest,50.2425,-1
cover,50.2778,1,1,0,1
err,50.2779,-238.62,-30.59
timing,50.2779,8.6,25.8
det,50.2779,1011.47,726.38,59.81,78.25,0.502,Head
cover,50.3151,0,0,0,0
nearest,50.3151,-1
cover,50.3571,0,0,0,0
nearest,50.3571,-1
cover,50.3981,0,0,0,0
nearest,50.3981,-1
cover,50.4377,1,1,0,1
err,50.4377,-238.19,-30.83
timing,50.4377,12.9,26.0
det,50.4377,1011.3,726.06,61.03,78.38,0.524,Head
cover,50.4754,1,1,0,1
err,50.4754,-238.31,-30.59
timing,50.4754,8.3,27.5
det,50.4754,1011.27,726.38,60.84,78.25,0.537,Head
cover,50.5239,1,1,0,0
nearest,50.5239,240.5
cover,50.5733,1,1,0,0
nearest,50.5733,240.5
cover,50.6264,1,1,0,0
nearest,50.6264,240.5
cover,50.6731,0,0,0,0
nearest,50.6732,-1
cover,50.733,0,0,0,0
nearest,50.7331,-1
cover,50.7795,0,0,0,0
nearest,50.7795,-1
cover,50.8208,0,0,0,0
nearest,50.8209,-1
cover,50.8818,0,0,0,0
nearest,50.8818,-1
cover,50.9309,0,0,0,0
nearest,50.9309,-1
cover,50.9765,0,0,0,0
nearest,50.9766,-1
cover,51.0221,0,0,0,0
nearest,51.0221,-1
cover,51.0743,0,0,0,0
nearest,51.0743,-1
cover,51.1209,0,0,0,0
nearest,51.1209,-1
cover,51.1638,0,0,0,0
nearest,51.1638,-1
cover,51.2133,0,0,0,0
nearest,51.2133,-1
cover,51.2636,0,0,0,0
nearest,51.2637,-1
cover,51.3147,0,0,0,0
nearest,51.3147,-1
cover,51.371,0,0,0,0
nearest,51.371,-1
cover,51.437,0,0,0,0
nearest,51.437,-1
cover,51.4889,0,0,0,0
nearest,51.489,-1
cover,51.5491,2,1,1,0
nearest,51.5491,222.5
cover,51.6,2,1,1,0
nearest,51.6,222.5
cover,51.6515,2,1,1,0
nearest,51.6515,222.5
cover,51.6999,2,1,1,0
nearest,51.6999,222.6
cover,51.7492,2,1,1,0
nearest,51.7493,222.5
cover,51.801,2,1,1,0
nearest,51.801,222.5
cover,51.8514,2,1,1,0
nearest,51.8515,222.6
cover,51.8973,2,1,1,0
nearest,51.8973,222.6
cover,51.9475,2,1,1,0
nearest,51.9475,222.6
cover,52.009,2,1,1,0
nearest,52.009,222.6
cover,52.0529,2,1,1,0
nearest,52.0529,222.7
cover,52.0935,2,1,1,0
nearest,52.0935,222.6
cover,52.1377,2,1,1,0
nearest,52.1377,222.7
cover,52.2151,0,0,0,0
nearest,52.2151,-1
cover,52.2635,0,0,0,0
nearest,52.2636,-1
cover,52.3124,0,0,0,0
nearest,52.3124,-1
cover,52.3454,0,0,0,0
nearest,52.3454,-1
cover,52.3801,0,0,0,0
nearest,52.3802,-1
cover,52.4175,0,0,0,0
nearest,52.4175,-1
cover,52.4655,0,0,0,0
nearest,52.4655,-1
cover,52.5085,0,0,0,0
nearest,52.5085,-1
cover,52.5478,0,0,0,0
nearest,52.5478,-1
cover,52.5897,0,0,0,0
nearest,52.5897,-1
cover,52.6382,0,0,0,0
nearest,52.6383,-1
cover,52.6738,0,0,0,0
nearest,52.6739,-1
cover,52.7165,0,0,0,0
nearest,52.7165,-1
cover,52.7554,0,0,0,0
nearest,52.7555,-1
cover,52.7987,0,0,0,0
nearest,52.7987,-1
cover,52.8429,0,0,0,0
nearest,52.8429,-1
cover,52.8831,0,0,0,0
nearest,52.8832,-1
cover,52.9246,0,0,0,0
nearest,52.9247,-1
cover,52.9728,0,0,0,0
nearest,52.9729,-1
cover,53.026,0,0,0,0
nearest,53.0261,-1
cover,53.0763,0,0,0,0
nearest,53.0763,-1
cover,53.1324,0,0,0,0
nearest,53.1325,-1
cover,53.181,0,0,0,0
nearest,53.1811,-1
cover,53.2302,0,0,0,0
nearest,53.2302,-1
cover,53.2802,0,0,0,0
nearest,53.2803,-1
cover,53.3288,0,0,0,0
nearest,53.3289,-1
cover,53.3686,0,0,0,0
nearest,53.3686,-1
cover,53.4131,0,0,0,0
nearest,53.4132,-1
cover,53.4533,0,0,0,0
nearest,53.4533,-1
cover,53.5009,0,0,0,0
nearest,53.5009,-1
cover,53.5418,0,0,0,0
nearest,53.5418,-1
cover,53.5841,0,0,0,0
nearest,53.5841,-1
cover,53.6612,0,0,0,0
nearest,53.6612,-1
cover,53.7299,0,0,0,0
nearest,53.73,-1
cover,53.7804,0,0,0,0
nearest,53.7804,-1
cover,53.8258,0,0,0,0
nearest,53.8259,-1
cover,53.8725,0,0,0,0
nearest,53.8725,-1
cover,53.9169,0,0,0,0
nearest,53.917,-1
cover,53.9629,0,0,0,0
nearest,53.9629,-1
cover,54.006,0,0,0,0
nearest,54.006,-1
cover,54.0532,0,0,0,0
nearest,54.0532,-1
cover,54.0935,0,0,0,0
nearest,54.0935,-1
cover,54.1383,0,0,0,0
nearest,54.1383,-1
cover,54.1754,0,0,0,0
nearest,54.1754,-1
cover,54.22,0,0,0,0
nearest,54.22,-1
cover,54.2653,0,0,0,0
nearest,54.2653,-1
cover,54.3117,0,0,0,0
nearest,54.3117,-1
cover,54.3485,0,0,0,0
nearest,54.3485,-1
cover,54.3997,0,0,0,0
nearest,54.3997,-1
cover,54.4611,0,0,0,0
nearest,54.4611,-1
cover,54.5068,0,0,0,0
nearest,54.5068,-1
cover,54.5605,0,0,0,0
nearest,54.5605,-1
cover,54.6023,0,0,0,0
nearest,54.6023,-1
cover,54.645,0,0,0,0
nearest,54.645,-1
cover,54.6891,0,0,0,0
nearest,54.6891,-1
cover,54.74,0,0,0,0
nearest,54.7401,-1
cover,54.7865,0,0,0,0
nearest,54.7865,-1
cover,54.83,0,0,0,0
nearest,54.8301,-1
cover,54.8775,0,0,0,0
nearest,54.8776,-1
cover,54.9224,0,0,0,0
nearest,54.9224,-1
cover,54.9733,0,0,0,0
nearest,54.9734,-1
cover,55.0207,0,0,0,0
nearest,55.0207,-1
cover,55.0679,0,0,0,0
nearest,55.0679,-1
cover,55.1215,0,0,0,0
nearest,55.1215,-1
cover,55.1627,0,0,0,0
nearest,55.1627,-1
cover,55.2077,0,0,0,0
nearest,55.2077,-1
cover,55.2568,0,0,0,0
nearest,55.2568,-1
cover,55.3045,0,0,0,0
nearest,55.3046,-1
cover,55.344,0,0,0,0
nearest,55.344,-1
cover,55.3832,0,0,0,0
nearest,55.3832,-1
cover,55.4298,0,0,0,0
nearest,55.4299,-1
cover,55.4713,0,0,0,0
nearest,55.4714,-1
cover,55.5086,0,0,0,0
nearest,55.5086,-1
cover,55.5507,0,0,0,0
nearest,55.5507,-1
cover,55.5926,0,0,0,0
nearest,55.5926,-1
cover,55.6402,0,0,0,0
nearest,55.6402,-1
cover,55.6829,0,0,0,0
nearest,55.6829,-1
cover,55.7278,0,0,0,0
nearest,55.7278,-1
cover,55.7642,0,0,0,0
nearest,55.7642,-1
cover,55.8104,0,0,0,0
nearest,55.8104,-1
cover,55.8544,0,0,0,0
nearest,55.8545,-1
cover,55.8932,0,0,0,0
nearest,55.8932,-1
cover,55.9375,0,0,0,0
nearest,55.9375,-1
cover,55.9776,0,0,0,0
nearest,55.9776,-1
cover,56.0196,0,0,0,0
nearest,56.0197,-1
cover,56.0656,0,0,0,0
nearest,56.0656,-1
cover,56.1143,0,0,0,0
nearest,56.1143,-1
cover,56.1625,0,0,0,0
nearest,56.1625,-1
cover,56.2043,0,0,0,0
nearest,56.2044,-1
cover,56.2432,0,0,0,0
nearest,56.2432,-1
cover,56.2873,0,0,0,0
nearest,56.2873,-1
cover,56.3266,0,0,0,0
nearest,56.3266,-1
cover,56.3708,0,0,0,0
nearest,56.3709,-1
cover,56.4091,0,0,0,0
nearest,56.4092,-1
cover,56.45,0,0,0,0
nearest,56.45,-1
cover,56.5008,0,0,0,0
nearest,56.5009,-1
cover,56.5557,0,0,0,0
nearest,56.5557,-1
cover,56.6067,0,0,0,0
nearest,56.6067,-1
cover,56.6538,0,0,0,0
nearest,56.6539,-1
cover,56.6945,0,0,0,0
nearest,56.6945,-1
cover,56.7382,0,0,0,0
nearest,56.7382,-1
cover,56.7839,0,0,0,0
nearest,56.7839,-1
cover,56.8316,0,0,0,0
nearest,56.8316,-1
cover,56.8959,0,0,0,0
nearest,56.8959,-1
cover,56.9425,0,0,0,0
nearest,56.9425,-1
cover,56.9896,0,0,0,0
nearest,56.9896,-1
cover,57.0405,0,0,0,0
nearest,57.0405,-1
cover,57.0821,0,0,0,0
nearest,57.0821,-1
cover,57.129,0,0,0,0
nearest,57.129,-1
cover,57.1736,0,0,0,0
nearest,57.1736,-1
cover,57.2183,0,0,0,0
nearest,57.2183,-1
cover,57.2569,0,0,0,0
nearest,57.2569,-1
cover,57.3068,0,0,0,0
nearest,57.3069,-1
cover,57.3549,0,0,0,0
nearest,57.3549,-1
cover,57.3979,0,0,0,0
nearest,57.3979,-1
cover,57.4583,0,0,0,0
nearest,57.4583,-1
cover,57.4992,0,0,0,0
nearest,57.4992,-1
cover,57.5445,0,0,0,0
nearest,57.5445,-1
cover,57.5829,0,0,0,0
nearest,57.5829,-1
cover,57.6267,0,0,0,0
nearest,57.6267,-1
cover,57.666,0,0,0,0
nearest,57.666,-1
cover,57.716,0,0,0,0
nearest,57.716,-1
cover,57.7624,0,0,0,0
nearest,57.7624,-1
cover,57.8201,0,0,0,0
nearest,57.8201,-1
cover,57.8635,0,0,0,0
nearest,57.8635,-1
cover,57.9158,0,0,0,0
nearest,57.9158,-1
cover,57.9629,0,0,0,0
nearest,57.963,-1
cover,58.0065,0,0,0,0
nearest,58.0065,-1
cover,58.0556,0,0,0,0
nearest,58.0556,-1
cover,58.1121,0,0,0,0
nearest,58.1121,-1
cover,58.1526,0,0,0,0
nearest,58.1527,-1
cover,58.1966,0,0,0,0
nearest,58.1966,-1
cover,58.2452,0,0,0,0
nearest,58.2452,-1
cover,58.2849,0,0,0,0
nearest,58.285,-1
cover,58.3276,0,0,0,0
nearest,58.3276,-1
cover,58.371,0,0,0,0
nearest,58.371,-1
cover,58.4143,0,0,0,0
nearest,58.4143,-1
cover,58.461,0,0,0,0
nearest,58.461,-1
cover,58.5,0,0,0,0
nearest,58.5,-1
cover,58.5442,0,0,0,0
nearest,58.5442,-1
cover,58.5845,0,0,0,0
nearest,58.5845,-1
cover,58.6297,0,0,0,0
nearest,58.6297,-1
cover,58.6786,0,0,0,0
nearest,58.6786,-1
cover,58.7194,0,0,0,0
nearest,58.7194,-1
cover,58.7578,0,0,0,0
nearest,58.7578,-1
cover,58.8055,0,0,0,0
nearest,58.8056,-1
cover,58.8521,0,0,0,0
nearest,58.8521,-1
cover,58.8949,0,0,0,0
nearest,58.8949,-1
cover,58.941,0,0,0,0
nearest,58.941,-1
cover,58.996,0,0,0,0
nearest,58.996,-1
cover,59.0336,0,0,0,0
nearest,59.0336,-1
cover,59.084,0,0,0,0
nearest,59.084,-1
cover,59.1277,0,0,0,0
nearest,59.1277,-1
cover,59.1668,0,0,0,0
nearest,59.1668,-1
cover,59.2163,0,0,0,0
nearest,59.2163,-1
cover,59.2585,0,0,0,0
nearest,59.2585,-1
cover,59.3057,0,0,0,0
nearest,59.3057,-1
cover,59.3482,0,0,0,0
nearest,59.3482,-1
cover,59.4003,0,0,0,0
nearest,59.4003,-1
cover,59.4473,0,0,0,0
nearest,59.4473,-1
cover,59.4949,0,0,0,0
nearest,59.4949,-1
cover,59.548,0,0,0,0
nearest,59.548,-1
cover,59.5982,0,0,0,0
nearest,59.5983,-1
cover,59.6521,0,0,0,0
nearest,59.6521,-1
cover,59.6932,0,0,0,0
nearest,59.6933,-1
cover,59.7405,0,0,0,0
nearest,59.7405,-1
cover,59.7865,0,0,0,0
nearest,59.7866,-1
cover,59.833,0,0,0,0
nearest,59.8331,-1
cover,59.8922,0,0,0,0
nearest,59.8922,-1
cover,59.9418,0,0,0,0
nearest,59.9418,-1
cover,59.987,0,0,0,0
nearest,59.9871,-1
cover,60.0334,0,0,0,0
nearest,60.0335,-1
cover,60.0898,0,0,0,0
nearest,60.0898,-1
cover,60.1405,0,0,0,0
nearest,60.1405,-1
cover,60.1855,0,0,0,0
nearest,60.1855,-1
cover,60.2296,0,0,0,0
nearest,60.2296,-1
cover,60.2689,0,0,0,0
nearest,60.269,-1
cover,60.3169,0,0,0,0
nearest,60.3169,-1
cover,60.3634,0,0,0,0
nearest,60.3634,-1
cover,60.4138,0,0,0,0
nearest,60.4138,-1
cover,60.466,0,0,0,0
nearest,60.466,-1
cover,60.5239,0,0,0,0
nearest,60.524,-1
cover,60.5727,0,0,0,0
nearest,60.5727,-1
cover,60.616,0,0,0,0
nearest,60.616,-1
cover,60.6615,0,0,0,0
nearest,60.6615,-1
cover,60.7044,0,0,0,0
nearest,60.7044,-1
cover,60.745,0,0,0,0
nearest,60.745,-1
cover,60.7873,0,0,0,0
nearest,60.7873,-1
cover,60.8334,0,0,0,0
nearest,60.8334,-1
cover,60.88,0,0,0,0
nearest,60.88,-1
cover,60.931,0,0,0,0
nearest,60.931,-1
cover,60.9838,0,0,0,0
nearest,60.9838,-1
cover,61.0295,0,0,0,0
nearest,61.0295,-1
cover,61.0743,0,0,0,0
nearest,61.0743,-1
cover,61.1201,0,0,0,0
nearest,61.1201,-1
cover,61.1636,0,0,0,0
nearest,61.1636,-1
cover,61.2089,0,0,0,0
nearest,61.2089,-1
cover,61.2502,0,0,0,0
nearest,61.2502,-1
cover,61.2891,0,0,0,0
nearest,61.2891,-1
cover,61.3306,0,0,0,0
nearest,61.3306,-1
cover,61.3755,0,0,0,0
nearest,61.3755,-1
cover,61.4143,0,0,0,0
nearest,61.4144,-1
cover,61.458,0,0,0,0
nearest,61.4581,-1
cover,61.498,0,0,0,0
nearest,61.4981,-1
cover,61.5467,0,0,0,0
nearest,61.5467,-1
cover,61.5873,0,0,0,0
nearest,61.5873,-1
cover,61.6204,0,0,0,0
nearest,61.6204,-1
cover,61.6544,0,0,0,0
nearest,61.6544,-1
cover,61.6906,0,0,0,0
nearest,61.6906,-1
cover,61.7323,0,0,0,0
nearest,61.7323,-1
cover,61.775,0,0,0,0
nearest,61.775,-1
cover,61.8181,0,0,0,0
nearest,61.8181,-1
cover,61.8553,0,0,0,0
nearest,61.8553,-1
cover,61.8956,0,0,0,0
nearest,61.8957,-1
cover,61.9293,0,0,0,0
nearest,61.9293,-1
cover,61.9612,0,0,0,0
nearest,61.9612,-1
cover,61.9962,0,0,0,0
nearest,61.9962,-1
cover,62.0351,0,0,0,0
nearest,62.0351,-1
cover,62.0774,0,0,0,0
nearest,62.0774,-1
cover,62.1171,0,0,0,0
nearest,62.1171,-1
cover,62.1576,0,0,0,0
nearest,62.1576,-1
cover,62.1946,0,0,0,0
nearest,62.1946,-1
cover,62.2273,0,0,0,0
nearest,62.2273,-1
cover,62.2613,0,0,0,0
nearest,62.2613,-1
cover,62.2973,0,0,0,0
nearest,62.2973,-1
cover,62.3417,0,0,0,0
nearest,62.3417,-1
cover,62.3794,0,0,0,0
nearest,62.3794,-1
cover,62.414,0,0,0,0
nearest,62.414,-1
cover,62.4574,0,0,0,0
nearest,62.4575,-1
cover,62.4957,0,0,0,0
nearest,62.4957,-1
cover,62.5279,0,0,0,0
nearest,62.5279,-1
cover,62.5622,0,0,0,0
nearest,62.5622,-1
cover,62.5941,0,0,0,0
nearest,62.5941,-1
cover,62.6266,0,0,0,0
nearest,62.6266,-1
cover,62.6629,0,0,0,0
nearest,62.663,-1
cover,62.6982,0,0,0,0
nearest,62.6983,-1
cover,62.742,0,0,0,0
nearest,62.742,-1
cover,62.7854,0,0,0,0
nearest,62.7854,-1
cover,62.8211,0,0,0,0
nearest,62.8211,-1
cover,62.8576,0,0,0,0
nearest,62.8576,-1
cover,62.9005,0,0,0,0
nearest,62.9005,-1
cover,62.9436,0,0,0,0
nearest,62.9436,-1
cover,62.9851,0,0,0,0
nearest,62.9851,-1
cover,63.0264,0,0,0,0
nearest,63.0264,-1
cover,63.0611,0,0,0,0
nearest,63.0612,-1
cover,63.094,0,0,0,0
nearest,63.094,-1
cover,63.1268,0,0,0,0
nearest,63.1268,-1
cover,63.1621,0,0,0,0
nearest,63.1621,-1
cover,63.1939,0,0,0,0
nearest,63.1939,-1
cover,63.2254,0,0,0,0
nearest,63.2254,-1
cover,63.2609,0,0,0,0
nearest,63.2609,-1
cover,63.2952,0,0,0,0
nearest,63.2952,-1
cover,63.3335,0,0,0,0
nearest,63.3335,-1
cover,63.3812,0,0,0,0
nearest,63.3812,-1
cover,63.4297,0,0,0,0
nearest,63.4297,-1
cover,63.4704,0,0,0,0
nearest,63.4704,-1
cover,63.5043,0,0,0,0
nearest,63.5043,-1
cover,63.5415,0,0,0,0
nearest,63.5415,-1
cover,63.5899,0,0,0,0
nearest,63.59,-1
cover,63.636,0,0,0,0
nearest,63.636,-1
cover,63.6782,0,0,0,0
nearest,63.6782,-1
cover,63.7211,0,0,0,0
nearest,63.7212,-1
cover,63.7565,0,0,0,0
nearest,63.7565,-1
cover,63.7964,0,0,0,0
nearest,63.7964,-1
cover,63.8297,0,0,0,0
nearest,63.8298,-1
cover,63.8621,0,0,0,0
nearest,63.8621,-1
cover,63.8986,0,0,0,0
nearest,63.8986,-1
cover,63.9434,0,0,0,0
nearest,63.9434,-1
cover,63.9826,0,0,0,0
nearest,63.9826,-1
cover,64.0234,0,0,0,0
nearest,64.0235,-1
cover,64.0636,0,0,0,0
nearest,64.0636,-1
cover,64.1089,0,0,0,0
nearest,64.1089,-1
cover,64.1464,0,0,0,0
nearest,64.1465,-1
cover,64.1814,0,0,0,0
nearest,64.1814,-1
cover,64.2226,0,0,0,0
nearest,64.2226,-1
cover,64.2637,0,0,0,0
nearest,64.2637,-1
cover,64.3088,0,0,0,0
nearest,64.3088,-1
cover,64.3498,0,0,0,0
nearest,64.3498,-1
cover,64.3932,0,0,0,0
nearest,64.3932,-1
cover,64.4324,0,0,0,0
nearest,64.4324,-1
cover,64.4793,0,0,0,0
nearest,64.4793,-1
cover,64.5207,0,0,0,0
nearest,64.5208,-1
cover,64.5874,0,0,0,0
nearest,64.5874,-1
cover,64.6163,0,0,0,0
nearest,64.6163,-1
cover,64.6543,0,0,0,0
nearest,64.6543,-1
cover,64.6833,0,0,0,0
nearest,64.6833,-1
cover,64.718,0,0,0,0
nearest,64.718,-1
cover,64.7533,0,0,0,0
nearest,64.7534,-1
cover,64.7899,0,0,0,0
nearest,64.79,-1
cover,64.8354,0,0,0,0
nearest,64.8354,-1
cover,64.8735,0,0,0,0
nearest,64.8735,-1
cover,64.9145,0,0,0,0
nearest,64.9145,-1
cover,64.9544,0,0,0,0
nearest,64.9544,-1
cover,64.9884,0,0,0,0
nearest,64.9884,-1
cover,65.0347,0,0,0,0
nearest,65.0347,-1
cover,65.0728,0,0,0,0
nearest,65.0728,-1
cover,65.1193,0,0,0,0
nearest,65.1193,-1
cover,65.1533,0,0,0,0
nearest,65.1533,-1
cover,65.1839,0,0,0,0
nearest,65.1839,-1
cover,65.2183,0,0,0,0
nearest,65.2183,-1
cover,65.2592,0,0,0,0
nearest,65.2593,-1
cover,65.3052,0,0,0,0
nearest,65.3052,-1
cover,65.3535,0,0,0,0
nearest,65.3538,-1
cover,65.4018,0,0,0,0
nearest,65.4018,-1
cover,65.4463,0,0,0,0
nearest,65.4463,-1
cover,65.489,0,0,0,0
nearest,65.489,-1
cover,65.5365,0,0,0,0
nearest,65.5366,-1
cover,65.5792,0,0,0,0
nearest,65.5793,-1
cover,65.6226,0,0,0,0
nearest,65.6226,-1
cover,65.6721,0,0,0,0
nearest,65.6721,-1
cover,65.7202,0,0,0,0
nearest,65.7202,-1
cover,65.7618,0,0,0,0
nearest,65.7619,-1
cover,65.8006,0,0,0,0
nearest,65.8006,-1
cover,65.8447,0,0,0,0
nearest,65.8447,-1
cover,65.891,0,0,0,0
nearest,65.891,-1
cover,65.9441,0,0,0,0
nearest,65.9441,-1
cover,65.99,0,0,0,0
nearest,65.99,-1
cover,66.0431,0,0,0,0
nearest,66.0431,-1
cover,66.088,0,0,0,0
nearest,66.0881,-1
cover,66.1356,0,0,0,0
nearest,66.1356,-1
cover,66.1748,0,0,0,0
nearest,66.1748,-1
cover,66.2179,0,0,0,0
nearest,66.2179,-1
cover,66.2615,0,0,0,0
nearest,66.2615,-1
cover,66.3022,0,0,0,0
nearest,66.3023,-1
cover,66.3444,0,0,0,0
nearest,66.3445,-1
cover,66.3851,0,0,0,0
nearest,66.3851,-1
cover,66.4291,0,0,0,0
nearest,66.4292,-1
cover,66.4722,0,0,0,0
nearest,66.4722,-1
cover,66.5187,0,0,0,0
nearest,66.5187,-1
cover,66.5623,0,0,0,0
nearest,66.5623,-1
cover,66.6048,0,0,0,0
nearest,66.6049,-1
cover,66.6569,0,0,0,0
nearest,66.657,-1
cover,66.7056,0,0,0,0
nearest,66.7057,-1
cover,66.7589,0,0,0,0
nearest,66.7589,-1
cover,66.8102,0,0,0,0
nearest,66.8102,-1
cover,66.8524,0,0,0,0
nearest,66.8525,-1
cover,66.9042,0,0,0,0
nearest,66.9042,-1
cover,66.9445,0,0,0,0
nearest,66.9445,-1
cover,66.9829,0,0,0,0
nearest,66.9829,-1
cover,67.0292,0,0,0,0
nearest,67.0292,-1
cover,67.0723,0,0,0,0
nearest,67.0723,-1
cover,67.1201,0,0,0,0
nearest,67.1201,-1
cover,67.1592,0,0,0,0
nearest,67.1592,-1
cover,67.2047,0,0,0,0
nearest,67.2047,-1
