t_ms,x,y
0.000,-52,-63
8.000,-70,-85
16.000,-77,-92
24.000,-79,-95
32.000,-80,-96
548.000,-99,17
556.000,-105,57
564.000,-107,71
572.000,-108,76
580.000,-108,77
588.000,-108,78
1104.000,-125,-41
1112.000,-130,-154
1120.000,-132,-194
1128.000,-133,-208
1136.000,-133,-213
1144.000,-133,-214
1152.000,-133,-215
1668.000,-62,-274
1676.000,-37,-294
1684.000,-28,-301
1692.000,-25,-303
1700.000,-24,-304
2216.000,-96,-267
2224.000,-121,-254
2232.000,-130,-249
2240.000,-133,-247
2248.000,-134,-247
2256.000,-135,-247
2772.000,-105,-125
2780.000,-94,-43
2788.000,-90,-15
2796.000,-88,-5
2804.000,-88,-1
2812.000,-88,-0
